rule,width,beta2,seed,layer,h0,final_loss,mean_h_final,ratio_final,t_depart,late_rel_std,cv_h_final,t_1e-02,t_1e-03,t_1e-04,t_1e-06
A,32,0.99,0,W1,0.004,2.209207923442591e-05,0.8636184334754944,1.1757160058461691e+35,100,1.3279359632733134,1.2157890796661377,2161,2787,3308,4654
A,32,0.99,0,W2,0.004,2.209207923442591e-05,0.03441147133708,4.684721407914419e+33,100,0.7809276372196116,19.93876838684082,2161,2787,3308,4654
A,32,0.99,0,W3,0.004,2.209207923442591e-05,0.0005583529127761722,7.60132520353855e+31,200,0.8573261527531363,9.640480041503906,2161,2787,3308,4654
A,32,0.99,0,W4,0.004,2.209207923442591e-05,7.519822247559205e-05,1.023736297752883e+31,100,2.426203077150828,5.269672870635986,2161,2787,3308,4654
A,32,0.99,0,W5,0.004,2.209207923442591e-05,0.14534147083759308,1.9786550049574783e+34,100,1.3518534509086997,1.559599757194519,2161,2787,3308,4654
A,32,0.99,1,W1,0.004,7.4470544859650545e-06,0.8464774489402771,1.1523805499401224e+35,100,0.7967117022257605,1.5390790700912476,1621,2104,2567,2871
A,32,0.99,1,W2,0.004,7.4470544859650545e-06,0.006375357508659363,8.67930740634783e+32,100,0.7512284064478123,7.791572570800781,1621,2104,2567,2871
A,32,0.99,1,W3,0.004,7.4470544859650545e-06,0.0003422568552196026,4.65942883100445e+31,100,0.41921868900805154,5.798740386962891,1621,2104,2567,2871
A,32,0.99,1,W4,0.004,7.4470544859650545e-06,0.00017419899813830853,2.3715166603074585e+31,100,0.6244117545170698,8.416170120239258,1621,2104,2567,2871
A,32,0.99,1,W5,0.004,7.4470544859650545e-06,0.22187358140945435,3.0205506370182237e+34,100,1.0567800724419651,1.9423973560333252,1621,2104,2567,2871
A,32,0.99,2,W1,0.004,1.1204975862710853e-06,4.741578102111816,6.45510685221004e+35,100,0.9140785620666201,2.520317316055298,1760,2360,2696,3787
A,32,0.99,2,W2,0.004,1.1204975862710853e-06,0.044915471225976944,6.114718767406045e+33,100,0.7760929912362468,12.235261917114258,1760,2360,2696,3787
A,32,0.99,2,W3,0.004,1.1204975862710853e-06,0.003411234589293599,4.643998959341772e+32,100,1.3032063208266198,5.913394451141357,1760,2360,2696,3787
A,32,0.99,2,W4,0.004,1.1204975862710853e-06,0.005194938275963068,7.072303975556577e+32,100,1.3605036416392966,9.548605918884277,1760,2360,2696,3787
A,32,0.99,2,W5,0.004,1.1204975862710853e-06,8.490764617919922,1.155918803514521e+36,100,1.199399973810127,2.7915971279144287,1760,2360,2696,3787
A,64,0.99,0,W1,0.004,2.6860859932436873e-20,32.37397384643555,4.4073398330467185e+36,100,1.2346161172306385,3.0118465423583984,931,1334,1634,1954
A,64,0.99,0,W2,0.004,2.6860859932436873e-20,0.07679428905248642,1.0454648870014827e+34,100,1.085317144701957,12.283296585083008,931,1334,1634,1954
A,64,0.99,0,W3,0.004,2.6860859932436873e-20,0.0023485091514885426,3.1972219353509608e+32,100,1.178255352034576,7.9546051025390625,931,1334,1634,1954
A,64,0.99,0,W4,0.004,2.6860859932436873e-20,0.0008492449996992946,1.1561482482641078e+32,100,1.4850188110911449,7.913710117340088,931,1334,1634,1954
A,64,0.99,0,W5,0.004,2.6860859932436873e-20,14.013345718383789,1.907753959147887e+36,100,2.279749056579886,1.9500322341918945,931,1334,1634,1954
A,64,0.99,1,W1,0.004,3.2069844047469168e-19,10.80887222290039,1.4715021802473665e+36,100,1.0267900542230257,2.2511746883392334,652,947,1170,1517
A,64,0.99,1,W2,0.004,3.2069844047469168e-19,0.10812477022409439,1.4719929317547882e+34,100,1.143752571719713,23.37274742126465,652,947,1170,1517
A,64,0.99,1,W3,0.004,3.2069844047469168e-19,0.0035628103651106358,4.8503517406383254e+32,100,1.2815811556487313,7.928055763244629,652,947,1170,1517
A,64,0.99,1,W4,0.004,3.2069844047469168e-19,0.0034316610544919968,4.671807214869585e+32,200,1.3070323088227322,9.672356605529785,652,947,1170,1517
A,64,0.99,1,W5,0.004,3.2069844047469168e-19,36.37578201293945,4.952139449556764e+36,100,1.5268138847003203,2.0763566493988037,652,947,1170,1517
A,64,0.99,2,W1,0.004,2.4900895012397103e-14,3.290349245071411,4.4794276294984715e+35,100,1.0725172156765266,3.4304728507995605,936,1183,1545,1788
A,64,0.99,2,W2,0.004,2.4900895012397103e-14,0.03889496624469757,5.295097069281696e+33,100,1.1465204246127496,32.98271179199219,936,1183,1545,1788
A,64,0.99,2,W3,0.004,2.4900895012397103e-14,0.0013456940650939941,1.8320058835892136e+32,100,1.1152104377874283,10.103285789489746,936,1183,1545,1788
A,64,0.99,2,W4,0.004,2.4900895012397103e-14,0.0007305375183932483,9.945418253632656e+31,200,1.157823787683585,10.04513931274414,936,1183,1545,1788
A,64,0.99,2,W5,0.004,2.4900895012397103e-14,5.9224419593811035,8.062715587620551e+35,100,1.1874969085549734,1.5761605501174927,936,1183,1545,1788
A,128,0.99,0,W1,0.004,2.7562355294768333e-38,20.513702392578125,2.7927018816699824e+36,100,2.2987257394929874,3.0063109397888184,492,661,684,942
A,128,0.99,0,W2,0.004,2.7562355294768333e-38,0.06332718580961227,8.621259467786503e+33,100,1.8747726660296815,50.898529052734375,492,661,684,942
A,128,0.99,0,W3,0.004,2.7562355294768333e-38,0.001258418313227594,1.7131901028993065e+32,200,1.7656829319089882,17.562471389770508,492,661,684,942
A,128,0.99,0,W4,0.004,2.7562355294768333e-38,0.001047171768732369,1.4256025133857039e+32,200,1.8587974724370941,15.037814140319824,492,661,684,942
A,128,0.99,0,W5,0.004,2.7562355294768333e-38,32.105552673339844,4.370797413699949e+36,100,1.4673439412933595,3.1588950157165527,492,661,684,942
A,128,0.99,1,W1,0.004,1.045071999501416e-38,19.61992645263672,2.6710246874951855e+36,100,0.9343504397616463,2.956425428390503,479,598,809,953
A,128,0.99,1,W2,0.004,1.045071999501416e-38,0.03813841938972473,5.1921020182167765e+33,100,0.9000227230195839,19.064374923706055,479,598,809,953
A,128,0.99,1,W3,0.004,1.045071999501416e-38,0.000736332789529115,1.00243141267237e+32,200,0.9145063947214682,12.401200294494629,479,598,809,953
A,128,0.99,1,W4,0.004,1.045071999501416e-38,0.0012062974274158478,1.6422335816945177e+32,200,0.8615665046350683,15.282840728759766,479,598,809,953
A,128,0.99,1,W5,0.004,1.045071999501416e-38,64.32403564453125,8.756968973386421e+36,100,1.1212268669120868,3.6464977264404297,479,598,809,953
A,128,0.99,2,W1,0.004,8.016546095771693e-31,1.6606066226959229,2.260722687287507e+35,100,1.1576748388917424,2.461883544921875,534,652,900,1027
A,128,0.99,2,W2,0.004,8.016546095771693e-31,0.008728155866265297,1.188236859673217e+33,100,1.3762681660113723,31.15321922302246,534,652,900,1027
A,128,0.99,2,W3,0.004,8.016546095771693e-31,0.00038374625728465617,5.224258762720524e+31,200,1.106058572317957,14.637957572937012,534,652,900,1027
A,128,0.99,2,W4,0.004,8.016546095771693e-31,0.00041638108086772263,5.668543911662588e+31,200,1.1586832476183044,18.144254684448242,534,652,900,1027
A,128,0.99,2,W5,0.004,8.016546095771693e-31,14.255638122558594,1.940739250642519e+36,100,1.134493350959853,3.1512129306793213,534,652,900,1027
A,256,0.99,0,W1,0.004,0.0,13.331472396850586,1.814924840753574e+36,100,2.0322580794580656,2.8536131381988525,241,337,357,544
A,256,0.99,0,W2,0.004,0.0,0.010646435432136059,1.449388301312274e+33,100,1.4677616500631092,23.529314041137695,241,337,357,544
A,256,0.99,0,W3,0.004,0.0,0.0004339010629337281,5.9070580811001835e+31,300,1.3075100184874984,10.42318058013916,241,337,357,544
A,256,0.99,0,W4,0.004,0.0,0.0005047312588430941,6.8713287798245e+31,300,1.703651061987376,30.48689079284668,241,337,357,544
A,256,0.99,0,W5,0.004,0.0,45.108360290527344,6.14097836907202e+36,100,1.5638160785610469,3.739556312561035,241,337,357,544
A,256,0.99,1,W1,0.004,0.0,3.53434419631958,4.8115983641754406e+35,100,0.7960379389657651,1.6893097162246704,239,367,399,440
A,256,0.99,1,W2,0.004,0.0,0.0053689684718847275,7.309225837011316e+32,100,0.8378687066634675,54.10222244262695,239,367,399,440
A,256,0.99,1,W3,0.004,0.0,0.00016659060202073306,2.2679372003571615e+31,300,1.049991383297031,31.137880325317383,239,367,399,440
A,256,0.99,1,W4,0.004,0.0,0.00015781124238856137,2.1484164346981354e+31,300,1.1907858933025683,27.040430068969727,239,367,399,440
A,256,0.99,1,W5,0.004,0.0,49.93391036987305,6.797920861888785e+36,100,1.1043063238577424,9.65854263305664,239,367,399,440
A,256,0.99,2,W1,0.004,0.0,3.911736488342285,5.32537405609582e+35,100,1.5834464688611807,2.8322715759277344,229,347,360,453
A,256,0.99,2,W2,0.004,0.0,0.0683748796582222,9.308444249905947e+33,100,1.2245867806559987,26.23362922668457,229,347,360,453
A,256,0.99,2,W3,0.004,0.0,0.01856130361557007,2.5269055064484487e+33,200,2.2801104341136487,18.40816879272461,229,347,360,453
A,256,0.99,2,W4,0.004,0.0,0.014682368375360966,1.9988336090942562e+33,300,1.9240579246543184,26.739418029785156,229,347,360,453
A,256,0.99,2,W5,0.004,0.0,2218.409912109375,3.020106959387632e+38,100,2.204067356955262,9.120491027832031,229,347,360,453
A,512,0.99,0,W1,0.004,0.0,41.959964752197266,5.712360951510337e+36,100,1.6326001870421862,3.3170783519744873,137,234,328,328
A,512,0.99,0,W2,0.004,0.0,0.07765426486730576,1.057172457045521e+34,100,1.362947138679434,64.67411804199219,137,234,328,328
A,512,0.99,0,W3,0.004,0.0,0.004645150620490313,6.323832056361143e+32,100,1.5157132009229939,19.824600219726562,137,234,328,328
A,512,0.99,0,W4,0.004,0.0,0.006554219871759415,8.922807701141119e+32,100,1.766449496069524,110.47372436523438,137,234,328,328
A,512,0.99,0,W5,0.004,0.0,854.6549072265625,1.1635132078613222e+38,100,1.2712404437836748,4.127213954925537,137,234,328,328
A,512,0.99,1,W1,0.004,0.0,3.9407167434692383,5.364827301285532e+35,100,1.057568466586451,2.574350357055664,134,188,282,358
A,512,0.99,1,W2,0.004,0.0,0.00712857861071825,9.704730291391951e+32,100,1.271091893416307,219.72190856933594,134,188,282,358
A,512,0.99,1,W3,0.004,0.0,0.0004152390465606004,5.652996443451361e+31,100,1.6892390055330087,76.8395004272461,134,188,282,358
A,512,0.99,1,W4,0.004,0.0,0.00032563769491389394,4.433178301629901e+31,100,1.8498318646744887,51.448333740234375,134,188,282,358
A,512,0.99,1,W5,0.004,0.0,84.13780212402344,1.1454382724999943e+37,100,1.9104472513708892,5.572767734527588,134,188,282,358
A,512,0.99,2,W1,0.004,0.0,15.090719223022461,2.054425825400289e+36,100,2.2878822160388137,3.137594699859619,117,215,264,353
A,512,0.99,2,W2,0.004,0.0,0.014031082391738892,1.9101686008398363e+33,100,2.122391190866377,36.69119644165039,117,215,264,353
A,512,0.99,2,W3,0.004,0.0,0.0012086977949365973,1.6455014027653363e+32,300,2.044329768891118,78.05747985839844,117,215,264,353
A,512,0.99,2,W4,0.004,0.0,0.0008600243018008769,1.1708230137872098e+32,300,2.2115030290656006,30.95444107055664,117,215,264,353
A,512,0.99,2,W5,0.004,0.0,223.8078155517578,3.046882984175388e+37,100,2.3107122398660755,2.544161796569824,117,215,264,353
C,32,0.99,0,W1,5.434492379117593e-05,7.96888030675114e-20,0.38330942392349243,3.840882585363657e+36,100,1.0875081167970921,2.5629544258117676,816,1184,1382,1772
C,32,0.99,0,W2,0.000969036656092401,7.96888030675114e-20,0.003159142332151532,1.7752908139686084e+33,100,1.1795598012035198,6.790596961975098,816,1184,1382,1772
C,32,0.99,0,W3,0.000995312068410171,7.96888030675114e-20,0.000587696151342243,3.2153932446006202e+32,100,1.482340246604731,5.61355447769165,816,1184,1382,1772
C,32,0.99,0,W4,0.0010497643765808781,7.96888030675114e-20,0.00043429984361864626,2.2528815600918544e+32,100,1.7249463025134018,6.781424045562744,816,1184,1382,1772
C,32,0.99,0,W5,0.0008390694131083186,7.96888030675114e-20,0.5278398394584656,3.425664243416365e+35,100,1.8566519626522706,1.6415059566497803,816,1184,1382,1772
C,32,0.99,1,W1,5.7634177709394195e-05,2.4873153883775423e-11,1.3616464138031006,1.2865443553133046e+37,100,1.7651343103539985,6.029007434844971,662,1034,1278,1751
C,32,0.99,1,W2,0.0009661374836225625,2.4873153883775423e-11,0.0034112781286239624,1.9227318313583074e+33,100,1.618519201005691,7.070277690887451,662,1034,1278,1751
C,32,0.99,1,W3,0.0010037968585799833,2.4873153883775423e-11,0.0005060916882939637,2.7455154436479144e+32,100,1.1882141461324671,4.725516319274902,662,1034,1278,1751
C,32,0.99,1,W4,0.0009884947590990975,2.4873153883775423e-11,0.0006242900853976607,3.439161616397549e+32,100,1.2135481382826736,7.926129341125488,662,1034,1278,1751
C,32,0.99,1,W5,0.001026720271037722,2.4873153883775423e-11,1.4044833183288574,7.449119940610457e+35,100,1.3116080384714566,1.9608756303787231,662,1034,1278,1751
C,32,0.99,2,W1,7.244212263975125e-05,3.6409559811545478e-09,22.261798858642578,1.6734379193198967e+38,100,1.631565464182964,3.421823263168335,513,895,1115,1593
C,32,0.99,2,W2,0.0009808408140058568,3.6409559811545478e-09,0.1282888948917389,7.122476964780217e+34,100,1.5261322088687892,13.045930862426758,513,895,1115,1593
C,32,0.99,2,W3,0.0009692845125186807,3.6409559811545478e-09,0.008006110787391663,4.4979108192973435e+33,100,1.5208538117819494,8.562671661376953,513,895,1115,1593
C,32,0.99,2,W4,0.001019211124731134,3.6409559811545478e-09,0.003924665506929159,2.0969062369213783e+33,100,1.3493127463020391,14.6590576171875,513,895,1115,1593
C,32,0.99,2,W5,0.0011521033806362686,3.6409559811545478e-09,4.08441686630249,1.9305414395680628e+36,100,2.102551652591825,2.325857400894165,513,895,1115,1593
C,64,0.99,0,W1,5.154908826782765e-05,8.894642107509736e-19,12.116215705871582,1.2799309074338484e+38,100,1.2835899299482787,5.2316575050354,352,628,805,994
C,64,0.99,0,W2,0.002015485004475546,8.894642107509736e-19,0.03355797752737999,9.066856159983568e+33,100,1.5407071833112789,16.28948974609375,352,628,805,994
C,64,0.99,0,W3,0.001992532882481709,8.894642107509736e-19,0.00128889677580446,3.5225174924370525e+32,100,0.8940046420583797,10.55046558380127,352,628,805,994
C,64,0.99,0,W4,0.0019593713850030326,8.894642107509736e-19,0.003622443648055196,1.0067587092751745e+33,100,1.0416630409736742,16.300678253173828,352,628,805,994
C,64,0.99,0,W5,0.0016688953087035843,8.894642107509736e-19,24.0792293548584,7.856950335307462e+36,100,1.1450167262683433,2.146695137023926,352,628,805,994
C,64,0.99,1,W1,5.5897010869565214e-05,2.4521939925685465e-13,1.8900063037872314,1.8412602891895693e+37,100,1.4800430647767726,2.2013368606567383,316,515,750,843
C,64,0.99,1,W2,0.001988080276205908,2.4521939925685465e-13,0.008937090635299683,2.447951245947726e+33,100,1.4136116814961819,12.067510604858398,316,515,750,843
C,64,0.99,1,W3,0.0019794737861300316,2.4521939925685465e-13,0.0005804866668768227,1.5969194572777681e+32,100,1.2747584660114084,6.128125190734863,316,515,750,843
C,64,0.99,1,W4,0.001983902472574986,2.4521939925685465e-13,0.0006282812100835145,1.7245439673556207e+32,100,1.3271980778140262,10.932536125183105,316,515,750,843
C,64,0.99,1,W5,0.00188946493727083,2.4521939925685465e-13,5.564094066619873,1.603600358991452e+36,100,1.3302219946469434,2.0990734100341797,316,515,750,843
C,64,0.99,2,W1,5.966469556291253e-05,5.2172926757651205e-21,0.3664431571960449,3.34448848986704e+36,100,1.9758655616656309,2.7782552242279053,226,502,714,962
C,64,0.99,2,W2,0.0019890562594759324,5.2172926757651205e-21,0.00852037314325571,2.3326633506433678e+33,100,2.2210381505579253,44.37659454345703,226,502,714,962
C,64,0.99,2,W3,0.0019973850983755577,5.2172926757651205e-21,0.00035722911707125604,9.739251100303985e+31,100,2.5227810684243224,5.820973873138428,226,502,714,962
C,64,0.99,2,W4,0.001989288385519009,5.2172926757651205e-21,0.0002839921216946095,7.774081042276375e+31,100,2.5697054135945754,9.666961669921875,226,502,714,962
C,64,0.99,2,W5,0.0018667258541708394,5.2172926757651205e-21,1.123664379119873,3.2779067119451815e+35,100,2.715943748330972,2.853074073791504,226,502,714,962
C,128,0.99,0,W1,5.375179333268693e-05,0.0,5.389463901519775,5.460006094444555e+37,100,0.9520462424605608,2.3818359375,335,417,548,671
C,128,0.99,0,W2,0.003987740551782988,0.0,0.037436556071043015,5.1122197426180495e+33,100,1.0473704212214836,31.08116340637207,335,417,548,671
C,128,0.99,0,W3,0.004022354078703668,0.0,0.004530371632426977,6.133297764651626e+32,200,2.061260732356582,43.620391845703125,335,417,548,671
C,128,0.99,0,W4,0.004004684439011563,0.0,0.008384725078940392,1.1401475162909407e+33,200,2.3018343554241634,75.8413314819336,335,417,548,671
C,128,0.99,0,W5,0.004014190126929353,0.0,116.07868194580078,1.5746899221432146e+37,100,1.628609520284112,2.0224592685699463,335,417,548,671
C,128,0.99,1,W1,5.1812811978846856e-05,3.2434204182601705e-21,12.078680038452148,1.2694711411694124e+38,100,1.2130574922092991,3.7874855995178223,381,513,702,795
C,128,0.99,1,W2,0.003985655459047996,3.2434204182601705e-21,0.11446215212345123,1.563877287535074e+34,100,1.279261928101107,45.954891204833984,381,513,702,795
C,128,0.99,1,W3,0.003985969565703279,3.2434204182601705e-21,0.0015869511989876628,2.168054083605586e+32,200,1.2183246886213464,8.71631145477295,381,513,702,795
C,128,0.99,1,W4,0.003990949033391916,3.2434204182601705e-21,0.0013414788991212845,1.8304091686636253e+32,200,1.2764912313318644,24.668575286865234,381,513,702,795
C,128,0.99,1,W5,0.004550029234841881,3.2434204182601705e-21,40.80333709716797,4.8833968031266186e+36,100,1.4359362509199631,6.112187385559082,381,513,702,795
C,128,0.99,2,W1,5.6419552638998775e-05,8.851265316147635e-38,5.535847187042236,5.34312055806575e+37,100,1.0499536510619518,2.8366575241088867,391,590,708,988
C,128,0.99,2,W2,0.004,8.851265316147635e-38,0.019948139786720276,2.7157071138140913e+33,100,1.4960331984439417,13.325218200683594,391,590,708,988
C,128,0.99,2,W3,0.004022183605522967,8.851265316147635e-38,0.001914770808070898,2.5923606742850193e+32,200,1.6591928717148847,7.937292575836182,391,590,708,988
C,128,0.99,2,W4,0.003988645756875496,8.851265316147635e-38,0.0038956848438829184,5.318618832775035e+32,200,1.532948172426208,19.88958168029785,391,590,708,988
C,128,0.99,2,W5,0.0037646113988675425,8.851265316147635e-38,165.4696502685547,2.3935291140831247e+37,100,1.6704753350048038,4.9517927169799805,391,590,708,988
C,256,0.99,0,W1,5.116345658616911e-05,0.0,38.967308044433594,4.147448915697278e+38,100,0.8951343069900448,3.290295124053955,306,371,534,621
C,256,0.99,0,W2,0.008038821227191618,0.0,0.0868634432554245,5.884169688591787e+33,200,1.015914494527084,43.468605041503906,306,371,534,621
C,256,0.99,0,W3,0.007969997165275246,0.0,0.0034728306345641613,2.37282634338269e+32,300,1.6289550902971255,18.92323875427246,306,371,534,621
C,256,0.99,0,W4,0.00796732097244284,0.0,0.003390869125723839,2.3176040058633498e+32,300,1.5942157690147176,63.75263214111328,306,371,534,621
C,256,0.99,0,W5,0.007837919164479025,0.0,1060.059814453125,7.364955201433967e+37,100,2.018868774768288,11.394731521606445,306,371,534,621
C,256,0.99,1,W1,5.321451888688967e-05,5.637936597216682e-38,2.395507335662842,2.45136444908194e+37,100,1.1333568012116735,3.0036375522613525,350,431,544,576
C,256,0.99,1,W2,0.008002638889759644,5.637936597216682e-38,0.008739749900996685,5.94711454050636e+32,200,1.0762644269834392,64.11685943603516,350,431,544,576
C,256,0.99,1,W3,0.008013279785293663,5.637936597216682e-38,0.00012871446961071342,8.746968919172601e+30,300,1.3423629620479036,9.278584480285645,350,431,544,576
C,256,0.99,1,W4,0.007999562839504648,5.637936597216682e-38,0.00015906183398328722,1.0827800606144365e+31,300,1.303133883901927,62.41672897338867,350,431,544,576
C,256,0.99,1,W5,0.008960404620150783,5.637936597216682e-38,17.360260009765625,1.0550404787045122e+36,100,1.4959165645880264,1.9191350936889648,350,431,544,576
C,256,0.99,2,W1,5.318136398137139e-05,1.875578159054341e-38,2.0775270462036133,2.1272950665127397e+37,100,1.3960703773526884,2.9619576930999756,330,443,525,538
C,256,0.99,2,W2,0.008024914410732923,1.875578159054341e-38,0.004699574317783117,3.189030192712588e+32,200,1.589815380740394,29.321666717529297,330,443,525,538
C,256,0.99,2,W3,0.008008264812959222,1.875578159054341e-38,0.0003260492521803826,2.21710009775843e+31,300,1.4915528892193841,28.267730712890625,330,443,525,538
C,256,0.99,2,W4,0.008008333803575827,1.875578159054341e-38,0.00041964356205426157,2.8535068277085245e+31,300,1.604248290434336,70.43295288085938,330,443,525,538
C,256,0.99,2,W5,0.008152896568084914,1.875578159054341e-38,65.61766052246094,4.3827765374889295e+36,100,2.0456372190323093,5.396376609802246,330,443,525,538
C,512,0.99,0,W1,5.112800681283688e-05,0.0,2.064495325088501,2.1988497764613307e+37,100,2.22018225125871,2.6528611183166504,331,331,468,520
C,512,0.99,0,W2,0.015982062717344012,0.0,0.003988537006080151,1.3590058105662877e+32,300,2.029496329541764,36.73424530029297,331,331,468,520
C,512,0.99,0,W3,0.01599011104855504,0.0,0.0002076556847896427,7.071847118542734e+30,400,2.2082901596888402,36.86005401611328,331,331,468,520
C,512,0.99,0,W4,0.01602171326960798,0.0,0.00017547312017995864,5.964062167701971e+30,400,2.5489667469290556,48.963741302490234,331,331,468,520
C,512,0.99,0,W5,0.016056346972048316,0.0,128.73553466796875,4.366085286669483e+36,100,2.3546656209885066,5.064741611480713,331,331,468,520
C,512,0.99,1,W1,5.223609255215819e-05,0.0,26.290002822875977,2.7406934913350324e+38,100,0.8790143885940458,2.998288869857788,342,416,446,546
C,512,0.99,1,W2,0.01603454797413603,0.0,0.029941359534859657,1.0168463014224067e+33,300,0.8137906374180544,50.99595642089844,342,416,446,546
C,512,0.99,1,W3,0.016019534503059353,0.0,0.0009933599503710866,3.3767372803865628e+31,300,1.1467461138424127,33.0417366027832,342,416,446,546
C,512,0.99,1,W4,0.01601176069027364,0.0,0.0010918737389147282,3.7134180880806737e+31,300,1.2109791387455593,41.752620697021484,342,416,446,546
C,512,0.99,1,W5,0.016150390428275287,0.0,477.35528564453125,1.6095305654653788e+37,100,1.245916893863655,10.573969841003418,342,416,446,546
C,512,0.99,2,W1,5.28220590034932e-05,0.0,5.8736114501953125,6.055226685345488e+37,100,1.068251285785714,3.960183620452881,371,396,457,544
C,512,0.99,2,W2,0.016009188782920118,0.0,0.010521919466555119,3.579036816667159e+32,300,1.1907230074009154,150.3489532470703,371,396,457,544
C,512,0.99,2,W3,0.01589438201889643,0.0,0.0006700356025248766,2.2955922561198546e+31,400,1.232983708570063,20.564844131469727,371,396,457,544
C,512,0.99,2,W4,0.01600183335631686,0.0,0.0007663018186576664,2.6077780848752606e+31,400,1.174177225214831,106.01966094970703,371,396,457,544
C,512,0.99,2,W5,0.01584822328845603,0.0,425.0690002441406,1.4605598922512164e+37,100,1.2469790376548966,3.892099380493164,371,396,457,544
