rule,width,seed,layer,status,final_loss,wall,h0,sigma0,rho_init,rel_perturb,rel_analytic,mean_h,mean_var,offdiag,cv_h,r_final,h0_frac,h0_env_frac,t_1e-02,t_1e-03,t_1e-04,t_1e-06
A,32,0,W1,ok,0.0018437375547364354,16.7,0.004,0.09117319756073991,0.2266190438315002,0.17440964338368647,0.030454507576254487,0.03539545461535454,0.010754370130598545,0.28843545664346093,3.7072577476501465,33.48072052001953,8.848863653838634,376.61628697403165,559,1882,4523,
A,32,0,W2,ok,0.0018437375547364354,16.7,0.004,0.09117319756073991,0.8839724396616182,1.0041143149794327,0.16932570128586125,0.0028055692091584206,0.25167766213417053,0.37367369780783943,19.615549087524414,13.754717826843262,0.7013923022896051,29.85194200454066,559,1882,4523,
A,32,0,W3,ok,0.0018437375547364354,16.7,0.004,0.09117319756073991,0.8957559098665935,0.5607492118270588,0.09765729729604296,0.0005488345050252974,0.2507326304912567,0.3452985924092337,13.144742965698242,1.9985259771347046,0.13720862625632435,5.8397332564897075,559,1882,4523,
A,32,0,W4,ok,0.0018437375547364354,16.7,0.004,0.09117319756073991,0.9196951823972574,0.3458883454753079,0.06392288505244877,0.0003889144863933325,0.2677818238735199,0.29520647793548715,15.852727890014648,1.785609483718872,0.09722862159833312,4.138145177328225,559,1882,4523,
A,32,0,W5,ok,0.0018437375547364354,16.7,0.004,0.09117319756073991,0.8232103859152564,0.19103306864344444,0.17028899314464907,0.0034496912267059088,0.02184661664068699,0.4412624758643984,2.5332908630371094,2.1547563076019287,0.8624228066764772,36.70555768042812,559,1882,4523,
A,32,1,W1,ok,0.0027949782088398933,16.7,0.004,0.09117319756073991,0.23233913030472167,0.17698229614812827,0.03070262200551578,0.021560369059443474,0.01085640024393797,0.4467589551870491,3.3529112339019775,18.460357666015625,5.3900922648608685,229.40759567006518,502,1499,3422,
A,32,1,W2,ok,0.0027949782088398933,16.7,0.004,0.09117319756073991,0.8826626573114872,0.7615494466577863,0.12868539367995147,0.0012632989091798663,0.24762174487113953,0.3568069320839826,12.039772987365723,3.8616909980773926,0.3158247272949666,13.441809116000814,502,1499,3422,
A,32,1,W3,ok,0.0027949782088398933,16.7,0.004,0.09117319756073991,0.8995280776139409,0.642848841910659,0.1147190809284729,0.0004516243061516434,0.24224764108657837,0.3615255414858088,11.460870742797852,1.5683562755584717,0.11290607653791085,4.805392984450344,502,1499,3422,
A,32,1,W4,ok,0.0027949782088398933,16.7,0.004,0.09117319756073991,0.8927135559757317,0.38153953645898847,0.06831758226247077,0.0003250428708270192,0.2633076012134552,0.32337300906504696,10.186860084533691,1.2363864183425903,0.0812607177067548,3.458535578891747,502,1499,3422,
A,32,1,W5,ok,0.0027949782088398933,16.7,0.004,0.09117319756073991,0.9096410128950783,1.261098950370687,1.5338490370114826,0.0034695458598434925,0.019551897421479225,0.43343252041882563,2.2362494468688965,1.9137444496154785,0.8673864649608731,36.91681582904545,502,1499,3422,
A,32,2,W1,ok,0.00044037733459845185,16.7,0.004,0.09117319756073991,0.25651562520118787,0.17888439989341526,0.03206516784542208,0.036343421787023544,0.015929464250802994,0.4441320503814812,3.1168510913848877,29.237483978271484,9.085855446755886,386.702889342811,752,1860,4137,
A,32,2,W2,ok,0.00044037733459845185,16.7,0.004,0.09117319756073991,0.8892854401343938,0.8218776439943319,0.14217702816372715,0.004097018390893936,0.2517094910144806,0.41336385615605603,22.076587677001953,22.60101890563965,1.024254597723484,43.59327689983791,752,1860,4137,
A,32,2,W3,ok,0.00044037733459845185,16.7,0.004,0.09117319756073991,0.8840843291917313,0.5563635981684417,0.09651429482789563,0.0008357671904377639,0.24870745837688446,0.4921383081463602,16.843721389770508,3.6054892539978027,0.20894179760944098,8.89276714928376,752,1860,4137,
A,32,2,W4,ok,0.00044037733459845185,16.7,0.004,0.09117319756073991,0.9063406900922899,0.39481389607539263,0.06977884979479887,0.0003577386378310621,0.26297444105148315,0.38839797500538503,8.388911247253418,1.1796056032180786,0.08943465945776552,3.806426529937449,752,1860,4137,
A,32,2,W5,ok,0.00044037733459845185,16.7,0.004,0.09117319756073991,0.9630783532957238,3.2002180978722263,4.444814035338115,0.005276079289615154,0.01643649861216545,0.587077869607599,2.2296407222747803,2.9121499061584473,1.3190198224037886,56.138772998651106,752,1860,4137,
A,64,0,W1,ok,0.0003433105011936277,20.7,0.004,0.09117319756073991,0.22164098499002544,0.1646674076110804,0.02041210543595651,0.018500996753573418,0.017112722620368004,0.6787756828497516,3.109060049057007,14.775532722473145,4.625249188393354,196.85512669264642,408,1094,2837,5447
A,64,0,W2,ok,0.0003433105011936277,20.7,0.004,0.09117319756073991,1.2714631148749607,1.2360152561309439,0.15392750213597278,0.0010752612724900246,0.2840195894241333,0.42675459310037367,30.66122817993164,8.27357292175293,0.26881531812250614,11.441042709379232,408,1094,2837,5447
A,64,0,W3,ok,0.0003433105011936277,20.7,0.004,0.09117319756073991,1.2642387000727993,1.050285848312325,0.13642223532377348,0.0003289259329903871,0.287447988986969,0.6119202728694759,12.243932723999023,1.362267255783081,0.08223148324759677,3.4998523092445355,408,1094,2837,5447
A,64,0,W4,ok,0.0003433105011936277,20.7,0.004,0.09117319756073991,1.253727192982036,0.6524028080344543,0.08322664350149189,0.00025985256070271134,0.2971137762069702,0.537847390836127,9.213719367980957,1.1101670265197754,0.06496314017567784,2.764894748098408,408,1094,2837,5447
A,64,0,W5,ok,0.0003433105011936277,20.7,0.004,0.09117319756073991,1.1575801056392099,0.33092867230004946,0.35937977000710586,0.020420625805854797,0.009553923271596432,1.3753103338595365,3.712892532348633,19.249065399169922,5.105156451463699,217.28044892382553,408,1094,2837,5447
A,64,1,W1,ok,0.05252603441476822,24.9,0.004,0.09117319756073991,0.22933594122779485,0.1624320245522791,0.02005446313266992,0.03957558423280716,0.010182047262787819,0.4112419628944063,2.4099369049072266,25.36099624633789,9.89389605820179,421.0938876350005,341,821,2181,5891
A,64,1,W2,ok,0.05252603441476822,24.9,0.004,0.09117319756073991,1.2628324058226077,1.264712888040069,0.15434682245462625,0.0021950926166027784,0.2857082188129425,0.5928693880648213,31.891630172729492,17.504959106445312,0.5487731541506946,23.356321872764546,341,821,2181,5891
A,64,1,W3,ok,0.05252603441476822,24.9,0.004,0.09117319756073991,1.2601097579511182,0.9684083282235197,0.12121391634430374,0.0005532066570594907,0.2798294126987457,0.9139480446309451,18.296226501464844,2.672802686691284,0.13830166426487267,5.8862540225908315,341,821,2181,5891
A,64,1,W4,ok,0.05252603441476822,24.9,0.004,0.09117319756073991,1.2615114220091028,0.6651134113310543,0.0867089025247855,0.00038892420707270503,0.2943437993526459,0.6044336626471897,13.013154029846191,1.5542008876800537,0.09723105176817626,4.138248607732268,341,821,2181,5891
A,64,1,W5,ok,0.05252603441476822,24.9,0.004,0.09117319756073991,1.231274464113223,11.247644215533843,10.210455482401741,0.019962754100561142,0.007210204377770424,1.2621436879444523,1.6662325859069824,9.164884567260742,4.9906885251402855,212.40858208577794,341,821,2181,5891
A,64,2,W1,ok,8.266369695775211e-05,20.5,0.004,0.09117319756073991,0.23580099208007052,0.17694602576019028,0.022283148310207345,0.020554091781377792,0.00966338999569416,0.557241759010355,3.4147286415100098,17.961271286010742,5.138522945344448,218.70055951952423,333,984,2364,5166
A,64,2,W2,ok,8.266369695775211e-05,20.5,0.004,0.09117319756073991,1.263140820586221,1.1297416203146493,0.14389978375716553,0.0011110790073871613,0.2772963047027588,0.4123360440181254,30.14446449279785,8.403295516967773,0.2777697518467903,11.822152161747391,333,984,2364,5166
A,64,2,W3,ok,8.266369695775211e-05,20.5,0.004,0.09117319756073991,1.2657693575139914,1.0789182895704077,0.1319909833391181,0.0002969813358504325,0.27562400698661804,0.46495300740051826,13.97880744934082,1.3906524181365967,0.07424533396260813,3.159953989122042,333,984,2364,5166
A,64,2,W4,ok,8.266369695775211e-05,20.5,0.004,0.09117319756073991,1.2632141010115938,0.6271765702910401,0.08066909795302235,0.00025200899108313024,0.2922308146953583,0.3906184217170206,16.258756637573242,1.3881555795669556,0.06300224777078256,2.6814372505510393,333,984,2364,5166
A,64,2,W5,ok,8.266369695775211e-05,20.5,0.004,0.09117319756073991,1.2238823045498508,0.4753060249968909,0.43358951487971686,0.008337263949215412,0.012515896931290627,0.9631714782338928,2.9488465785980225,6.193772792816162,2.084315987303853,88.71052586265839,333,984,2364,5166
A,128,0,W1,ok,0.03814559057354927,42.6,0.004,0.09117319756073991,0.2255721403205939,0.16570384502423066,0.01488630093477083,0.014506366103887558,0.013790793716907501,0.7822652421894469,2.5032925605773926,9.43370246887207,3.6265915259718895,154.35128038056303,315,535,1487,3531
A,128,0,W2,ok,0.03814559057354927,42.6,0.004,0.09117319756073991,1.7862677492577548,1.8090949013029574,0.15860731696777575,0.00037482273182831705,0.3059080243110657,0.4267956042175443,30.323509216308594,2.9824373722076416,0.09370568295707926,3.9882054650431558,315,535,1487,3531
A,128,0,W3,ok,0.03814559057354927,42.6,0.004,0.09117319756073991,1.7939840518564945,1.4665418979783573,0.13145406649744132,0.00015421371790580451,0.31191837787628174,0.48939314709499476,5.153581619262695,0.9817608594894409,0.03855342947645113,1.640871644941382,315,535,1487,3531
A,128,0,W4,ok,0.03814559057354927,42.6,0.004,0.09117319756073991,1.7900491088814943,1.2522715670890703,0.11037530491440949,0.0001520688529126346,0.31555941700935364,0.38353883360762514,20.28288459777832,1.2328693866729736,0.03801721322815865,1.6180497572564643,315,535,1487,3531
A,128,0,W5,ok,0.03814559057354927,42.6,0.004,0.09117319756073991,1.7921670992696632,0.6709993330286458,0.5494680709450306,0.01025932002812624,0.009609309025108814,1.0857530233724513,3.012183666229248,7.8529887199401855,2.56483000703156,109.16167225028649,315,535,1487,3531
A,128,1,W1,ok,1.4305726381280692e-08,43.8,0.004,0.09117319756073991,0.22211531439079626,0.16211063423299618,0.014316074254404005,0.025831911712884903,0.009972458705306053,0.9037751490812731,2.372798204421997,16.238264083862305,6.457977928221226,274.85785337328014,278,603,1381,3526
A,128,1,W2,ok,1.4305726381280692e-08,43.8,0.004,0.09117319756073991,1.7858017890908797,1.7177513168845127,0.15383894780277718,0.000572722579818219,0.3090466558933258,0.5455208472162961,33.34271240234375,4.850170612335205,0.14318064495455474,6.093908210003805,278,603,1381,3526
A,128,1,W3,ok,1.4305726381280692e-08,43.8,0.004,0.09117319756073991,1.7858720259833345,1.698189983037157,0.1476495992691386,0.00019330999930389225,0.31422120332717896,0.6368464816372188,4.839356899261475,0.9799867868423462,0.048327499825973064,2.056865633283951,278,603,1381,3526
A,128,1,W4,ok,1.4305726381280692e-08,43.8,0.004,0.09117319756073991,1.7869844336694813,1.1598189727447177,0.10577942661004688,0.00019272380450274795,0.32089823484420776,0.5831290607910643,11.82117748260498,1.1092039346694946,0.04818095112568699,2.050628377346724,278,603,1381,3526
A,128,1,W5,ok,1.4305726381280692e-08,43.8,0.004,0.09117319756073991,1.907757025412886,1.061468953398719,1.6040589830174838,0.027943141758441925,0.006307417526841164,1.0250887715826633,3.8705050945281982,27.58984375,6.985785439610481,297.32185699595937,278,603,1381,3526
A,128,2,W1,ok,4.8319026731136194e-12,44.6,0.004,0.09117319756073991,0.2302434233543866,0.16940607272030048,0.015156633442783769,0.01740989461541176,0.012103740125894547,1.1816445763839691,3.3721115589141846,15.027067184448242,4.35247365385294,185.2455333013636,336,680,2222,3654
A,128,2,W2,ok,4.8319026731136194e-12,44.6,0.004,0.09117319756073991,1.7890045439204774,1.7224327859374204,0.15321115668463575,0.0003237791243009269,0.30802038311958313,0.4495064497473772,17.88089370727539,1.714468240737915,0.08094478107523173,3.4450890070224105,336,680,2222,3654
A,128,2,W3,ok,4.8319026731136194e-12,44.6,0.004,0.09117319756073991,1.7939461802776906,1.6169687528601935,0.14232957112666095,0.00015499989967793226,0.31468385457992554,0.5508927551240234,3.871673822402954,0.9728866219520569,0.038749974919483066,1.6492368111222673,336,680,2222,3654
A,128,2,W4,ok,4.8319026731136194e-12,44.6,0.004,0.09117319756073991,1.7864699799240484,1.1888683115410352,0.10646941255661899,0.00014842391829006374,0.3205451965332031,0.44530206234490016,11.211898803710938,1.0489203929901123,0.037105979572515935,1.579266762130863,336,680,2222,3654
A,128,2,W5,ok,4.8319026731136194e-12,44.6,0.004,0.09117319756073991,1.7357028861998394,8.358779921697037,10.143147997201307,0.00896147545427084,0.010936856269836426,1.0576004565669779,3.4447131156921387,7.786649227142334,2.24036886356771,95.35228881994121,336,680,2222,3654
A,256,0,W1,ok,8.987396284070627e-31,101.9,0.004,0.09117319756073991,0.2209455475797011,0.16339867766365168,0.010263494969123689,0.02177474834024906,0.014380352571606636,1.5469894479512476,8.645087242126465,47.22470474243164,5.443687085062265,231.6886436073938,182,281,533,2031
A,256,0,W2,ok,8.987396284070627e-31,101.9,0.004,0.09117319756073991,2.534576478220841,2.3975762116169954,0.15202118817989502,0.0001528899883851409,0.3201211988925934,0.39428799927688896,9.625988960266113,1.0297504663467407,0.038222497096285224,1.6267868393512885,182,281,533,2031
A,256,0,W3,ok,8.987396284070627e-31,101.9,0.004,0.09117319756073991,2.523716713421501,2.396079547642227,0.1491306552958888,0.00011818793427664787,0.33310961723327637,0.7296489782819532,1.4787110090255737,0.9714359641075134,0.029546983569161966,1.257548503222019,182,281,533,2031
A,256,0,W4,ok,8.987396284070627e-31,101.9,0.004,0.09117319756073991,2.5232936340288634,2.0776070078284237,0.12836687957069948,0.00011315832671243697,0.3321371376514435,0.5058404738037333,2.0569908618927,0.9734514355659485,0.028289581678109244,1.2040322496139104,182,281,533,2031
A,256,0,W5,ok,8.987396284070627e-31,101.9,0.004,0.09117319756073991,2.5027445652640403,1.123749831619518,1.0173121176012756,0.009510842151939869,0.01627502031624317,2.0434511142676226,6.058279991149902,14.442536354064941,2.3777105379849672,101.19768473621635,182,281,533,2031
A,256,1,W1,ok,8.106900395432604e-08,104.3,0.004,0.09117319756073991,0.2246196028706832,0.16496590715513024,0.01028681934610037,0.016516800969839096,0.013091066852211952,1.595019690159234,4.448984146118164,18.617652893066406,4.129200242459774,175.74279866012614,114,204,462,1608
A,256,1,W2,ok,8.106900395432604e-08,104.3,0.004,0.09117319756073991,2.5288729533417564,2.5930120440963598,0.1611409716348025,0.00016192243492696434,0.3202930688858032,0.4243387157351529,18.357450485229492,1.213629961013794,0.040480608731741086,1.7228942778865544,114,204,462,1608
A,256,1,W3,ok,8.106900395432604e-08,104.3,0.004,0.09117319756073991,2.5305516420893923,2.3023086426086943,0.14603175087842188,0.00011701348557835445,0.33298349380493164,0.5658120333313752,2.2728774547576904,0.9730207324028015,0.029253371394588612,1.2450520820628774,114,204,462,1608
A,256,1,W4,ok,8.106900395432604e-08,104.3,0.004,0.09117319756073991,2.5283875426943867,2.1771239515710405,0.13350618022605812,0.00011446975986473262,0.3334999084472656,0.5462183731615377,3.806105136871338,0.9774699211120605,0.028617439966183156,1.2179862188396082,114,204,462,1608
A,256,1,W5,ok,8.106900395432604e-08,104.3,0.004,0.09117319756073991,2.675748196436541,7.562862626457335,8.234434424876849,0.008282789960503578,0.023100562393665314,3.05409826859324,6.610352993011475,13.703173637390137,2.0706974901258945,88.13090931052584,114,204,462,1608
A,256,2,W1,ok,0.0,99.0,0.004,0.09117319756073991,0.22456069174372417,0.16526845714090488,0.010430894426695573,0.023798907175660133,0.017659272998571396,1.2674439198962282,8.019139289855957,47.92137145996094,5.949726793915033,253.2261882758411,102,215,355,1742
A,256,2,W2,ok,0.0,99.0,0.004,0.09117319756073991,2.532385839836666,2.571382195640162,0.16080240275409952,0.00014531437773257494,0.32327717542648315,0.4503228278546204,10.230189323425293,1.0328519344329834,0.036328594433143735,1.546180490696209,102,215,355,1742
A,256,2,W3,ok,0.0,99.0,0.004,0.09117319756073991,2.529760655063146,2.291458782968605,0.14303665364247262,0.00011839006037916988,0.3339143395423889,0.5777767178605954,2.53928542137146,0.9733086824417114,0.02959751509479247,1.2596991743480046,102,215,355,1742
A,256,2,W4,ok,0.0,99.0,0.004,0.09117319756073991,2.5297716376078183,2.0088645613024516,0.12629345863652006,0.00011341406207066029,0.3328157663345337,0.4845955473469697,2.151658296585083,0.9735599160194397,0.028353515517665073,1.2067533363214749,102,215,355,1742
A,256,2,W5,ok,0.0,99.0,0.004,0.09117319756073991,2.5524742800611264,3.898464625155277,3.915986364665475,0.0036774808540940285,0.04057682678103447,2.6027831781225492,1.3780035972595215,1.2669867277145386,0.9193702135235071,39.129294982587155,102,215,355,1742
A,512,0,W1,ok,0.0,328.6,0.004,0.09117319756073991,0.22088151442247395,0.16162475066067114,0.007126975148512106,0.02872643433511257,0.022573446854948997,1.582809830468707,7.481205940246582,54.055458068847656,7.181608583778143,305.65628143112536,30,30,30,30
A,512,0,W2,ok,0.0,328.6,0.004,0.09117319756073991,3.5726583136482586,3.419689900424341,0.1519019786884491,0.0002934280491899699,0.3385659456253052,0.7027006279108657,24.2149715423584,2.0034656524658203,0.07335701229749247,3.1221461507100083,30,30,30,30
A,512,0,W3,ok,0.0,328.6,0.004,0.09117319756073991,3.573557389776105,3.6222416232221057,0.15991887374561659,0.0002700707991607487,0.3294101357460022,1.0212946463686272,4.862579822540283,0.9885902404785156,0.06751769979018718,2.8736193024035215,30,30,30,30
A,512,0,W4,ok,0.0,328.6,0.004,0.09117319756073991,3.577084766397038,3.0634839754315895,0.13612343610411548,0.0002592834352981299,0.3382661044597626,1.0006112460071654,10.298760414123535,1.1490052938461304,0.06482085882453248,2.7588391147119937,30,30,30,30
A,512,0,W5,ok,0.0,328.6,0.004,0.09117319756073991,3.5809462893872084,3.4516329621919195,3.2622711381073137,0.31976282596588135,0.002378894714638591,2.2112656717157617,7.5297346115112305,606.5034790039062,79.94070649147034,3402.3546112429963,30,30,30,30
A,512,1,W1,ok,0.0,309.0,0.004,0.09117319756073991,0.22287450714680515,0.16640755726744041,0.0073349636868176105,0.017021499574184418,0.013942666351795197,1.8752681415827945,3.0292251110076904,13.289087295532227,4.255374893546104,181.11291514754245,30,30,30,30
A,512,1,W2,ok,0.0,309.0,0.004,0.09117319756073991,3.578516294780538,3.5347211032525077,0.15633303984252708,0.0003066020435653627,0.32587945461273193,0.8150779495063988,9.59921646118164,1.180656909942627,0.07665051089134067,3.26232067029719,30,30,30,30
A,512,1,W3,ok,0.0,309.0,0.004,0.09117319756073991,3.5768416720631016,3.5508224602417693,0.1568532126975557,0.00023707924992777407,0.327487051486969,0.9576277022036319,4.348897457122803,0.9754040241241455,0.05926981248194352,2.5225811561593465,30,30,30,30
A,512,1,W4,ok,0.0,309.0,0.004,0.09117319756073991,3.5759741208788967,3.1762722522627183,0.1412441412196567,0.00020584164303727448,0.33160433173179626,0.8660372143606913,4.607726573944092,0.9777266979217529,0.05146041075931862,2.1902053850638423,30,30,30,30
A,512,1,W5,ok,0.0,309.0,0.004,0.09117319756073991,3.5914114795174767,2.131762581514228,2.965516889448319,0.11205553263425827,0.004856729879975319,2.799437431072062,6.105008602142334,172.9802703857422,28.013883158564568,1192.2982511235946,30,30,30,30
A,512,2,W1,ok,0.0,313.0,0.004,0.09117319756073991,0.22392125869408724,0.16707939664864596,0.007417198502763976,0.024427618831396103,0.01955464854836464,2.392643402533759,5.191098213195801,32.094970703125,6.106904707849026,259.9158339361023,59,99,104,116
A,512,2,W2,ok,0.0,313.0,0.004,0.09117319756073991,3.5756870332366497,3.4832896008932783,0.15305000864876572,0.00012343854177743196,0.3343181312084198,0.5389336318188046,3.0330235958099365,0.9736495614051819,0.03085963544435799,1.3134162501627655,59,99,104,116
A,512,2,W3,ok,0.0,313.0,0.004,0.09117319756073991,3.5628508960831184,3.231467751004017,0.1435222836431865,0.00012684802641160786,0.3494431972503662,0.7445329809344104,1.3844090700149536,0.9692824482917786,0.031712006602901965,1.349693999873072,59,99,104,116
A,512,2,W4,ok,0.0,313.0,0.004,0.09117319756073991,3.574865992429528,3.041609718930576,0.13595902828736509,0.00012265806435607374,0.3469836711883545,0.6690115594565977,1.3165855407714844,0.9701762795448303,0.030664516089018434,1.3051117796680853,59,99,104,116
A,512,2,W5,ok,0.0,313.0,0.004,0.09117319756073991,3.5576769418830994,4.95038560571915,4.40839945866632,0.009677563793957233,0.02504846826195717,2.3968778597446305,2.4736225605010986,6.1449875831604,2.4193909484893084,102.97164375036488,59,99,104,116
B,32,0,W1,ok,6.126135297830626e-14,19.3,5.2656249999999996e-05,0.7293855804859193,1.8129523506520016,1.3952771470694918,0.2436360606100359,0.00877043791115284,0.09863314032554626,1.2081193782736503,2.946521043777466,514.3007202148438,166.56024519696788,7088.966850150797,397,501,604,1572
B,32,0,W2,ok,6.126135297830626e-14,19.3,0.0009925,0.18234639512147982,1.7679448793232364,2.0082286299588654,0.3386514025717225,0.00057907251175493,0.6571153402328491,0.8375689702423096,4.451195240020752,2.6289844512939453,0.5834483745641613,24.832133148991055,397,501,604,1572
B,32,0,W3,ok,6.126135297830626e-14,19.3,0.0009925,0.18234639512147982,1.791511819733187,1.1214984236541177,0.19531459459208592,0.00041151687037199736,0.6927171349525452,0.9667354692755704,10.695833206176758,4.471095561981201,0.41462656964432987,17.646912106334376,397,501,604,1572
B,32,0,W4,ok,6.126135297830626e-14,19.3,0.0009925,0.18234639512147982,1.839390364794515,0.6917766909506158,0.12784577010489753,0.00018931370868813246,0.7363898754119873,0.8739918769725793,3.069596290588379,0.9986888766288757,0.1907442908696549,8.118263474164964,397,501,604,1572
B,32,0,W5,ok,6.126135297830626e-14,19.3,0.0009925,0.18234639512147982,1.6464207718305128,0.3820661372868889,0.34057798628929814,0.02056012488901615,0.011938195675611496,1.130914506633377,1.9397426843643188,44.191558837890625,20.71549107205658,881.6715496590612,397,501,604,1572
B,32,1,W1,h inflated,0.05360199138522148,21.7,5.2656249999999996e-05,0.7293855804859193,1.8587130424377734,1.4158583691850262,0.24562097604412625,0.35850468277931213,0.10322964191436768,0.7629154434147252,7.647462844848633,52105.19140625,6808.3975364617145,289772.054439219,,,,
B,32,1,W2,h inflated,0.05360199138522148,21.7,0.0009925,0.18234639512147982,1.7653253146229744,1.5230988933155727,0.25737078735990293,0.0029443055391311646,0.3695635199546814,0.9292761671186941,6.857692718505859,20.428659439086914,2.9665546993764886,126.25946784702393,,,,
B,32,1,W3,h inflated,0.05360199138522148,21.7,0.0009925,0.18234639512147982,1.7990561552278819,1.285697683821318,0.2294381618569458,0.0012876513646915555,0.17263273894786835,1.11178195948454,2.4728856086730957,3.2204697132110596,1.2973817276489226,55.21783453439589,,,,
B,32,1,W4,h inflated,0.05360199138522148,21.7,0.0009925,0.18234639512147982,1.7854271119514633,0.7630790729179769,0.13663516452494154,0.004131128080189228,0.19757455587387085,1.3020390316459929,5.93180513381958,24.879961013793945,4.162345672734739,177.15350057267045,,,,
B,32,1,W5,h inflated,0.05360199138522148,21.7,0.0009925,0.18234639512147982,1.8192820257901565,2.522197900741374,3.067698074022965,0.796220064163208,0.002072178991511464,1.1510501233541124,2.8351614475250244,2377.71630859375,802.2368404667084,34143.98412606166,,,,
B,32,2,W1,ok,4.711124611082862e-13,15.5,5.2656249999999996e-05,0.7293855804859193,2.052125001609503,1.431075199147322,0.2565213427633766,0.02678404562175274,0.03124556690454483,0.7764914790088818,3.1410939693450928,1664.5164794921875,508.6584331727523,21649.000135339185,375,508,799,2133
B,32,2,W2,ok,4.711124611082862e-13,15.5,0.0009925,0.18234639512147982,1.7785708802687876,1.6437552879886639,0.2843540563274543,0.0010344774927943945,0.5262315273284912,0.7939571350511037,5.7116570472717285,5.950472831726074,1.0422947030674001,44.36108141768679,375,508,799,2133
B,32,2,W3,ok,4.711124611082862e-13,15.5,0.0009925,0.18234639512147982,1.7681686583834626,1.1127271963368834,0.19302858965579126,0.0003217131597921252,0.4959331750869751,1.0103455813260898,2.557093858718872,1.069172978401184,0.32414424160415645,13.79589577742148,375,508,799,2133
B,32,2,W4,ok,4.711124611082862e-13,15.5,0.0009925,0.18234639512147982,1.8126813801845798,0.7896277921507853,0.13955769958959774,0.0004731947847176343,0.46553778648376465,1.0754196836078203,3.0187485218048096,1.530747890472412,0.47677056394723866,20.29182125034001,375,508,799,2133
B,32,2,W5,ok,4.711124611082862e-13,15.5,0.0009925,0.18234639512147982,1.9261567065914476,6.400436195744453,8.88962807067623,0.0434531643986702,0.005480642430484295,0.946828163227355,1.9087282419204712,92.71178436279297,43.78152584248887,1863.3845368046684,375,508,799,2133
B,64,0,W1,ok,2.5115082539703404e-13,21.4,5.2656249999999996e-05,0.7293855804859193,1.7731278799202035,1.3173392608886432,0.16329684348765208,0.0037321478594094515,0.09031512588262558,1.1953569791033274,2.5618104934692383,193.8936767578125,70.87758546059493,3016.6193208632135,416,486,715,2327
B,64,0,W2,ok,2.5115082539703404e-13,21.4,0.001995,0.12893837251531998,1.79812038111331,1.7479896706539437,0.2176863611429063,0.0003643731470219791,0.5007301568984985,0.7719135980943569,11.918229103088379,2.3249316215515137,0.1826431814646512,7.773472338959781,416,486,715,2327
B,64,0,W3,ok,2.5115082539703404e-13,21.4,0.001995,0.12893837251531998,1.7879035157198844,1.4853285888660879,0.1929301754041344,0.00016662085545249283,0.5177883505821228,0.975508910348516,2.657902717590332,0.9429754614830017,0.08351922579072324,3.5546598906632405,416,486,715,2327
B,64,0,W4,ok,2.5115082539703404e-13,21.4,0.001995,0.12893837251531998,1.7730379998311459,0.9226369678927635,0.11770024799060046,0.00016555270121898502,0.5418261289596558,0.9264805541599492,3.5188775062561035,0.9623761177062988,0.0829838101348296,3.5318720769734053,416,486,715,2327
B,64,0,W5,ok,2.5115082539703404e-13,21.4,0.001995,0.12893837251531998,1.6370654849282509,0.46800384425700603,0.5082397447865727,0.04416839778423309,0.008424067869782448,1.5136341582409572,1.9071346521377563,46.923492431640625,22.13954776152035,942.2807943945386,416,486,715,2327
B,64,1,W1,ok,0.00556122325360775,25.3,5.2656249999999996e-05,0.7293855804859193,1.8346875298223588,1.2994561964182327,0.16043570506135937,0.01615128107368946,0.025029348209500313,1.096217454585183,2.6304163932800293,859.8597412109375,306.7305604498889,13054.752485420939,256,323,713,1849
B,64,1,W2,ok,0.00556122325360775,25.3,0.001995,0.12893837251531998,1.7859147153185762,1.7885742229156536,0.2182793696245246,0.0005351929576136172,0.4895939230918884,0.8203976224543932,9.894977569580078,2.75319242477417,0.26826714667349233,11.417711996665266,256,323,713,1849
B,64,1,W3,ok,0.00556122325360775,25.3,0.001995,0.12893837251531998,1.7820643097731497,1.369536276012192,0.17142236444247214,0.00024018037947826087,0.5063281059265137,0.8600834547573449,6.070940971374512,1.1435812711715698,0.12039116765827614,5.123965779296311,256,323,713,1849
B,64,1,W4,ok,0.00556122325360775,25.3,0.001995,0.12893837251531998,1.7840465620938424,0.9406124820700051,0.12262490592903835,0.00015928676293697208,0.5502367615699768,0.8591864469077619,3.5298004150390625,0.9623396992683411,0.07984298894083815,3.398195656768053,256,323,713,1849
B,64,1,W5,ok,0.00556122325360775,25.3,0.001995,0.12893837251531998,1.7412850461525846,15.906571755030988,14.439764621219267,0.01890593022108078,0.010864213109016418,1.2736199320233699,2.701094627380371,26.773868560791016,9.476656752421444,403.33577492473745,256,323,713,1849
B,64,2,W1,ok,1.0370215797195215e-10,22.0,5.2656249999999996e-05,0.7293855804859193,1.8864079366405642,1.4155682060815222,0.17826518648165876,0.008818981237709522,0.050309550017118454,0.7625717664416801,3.244270086288452,566.2568969726562,167.48213626510667,7128.203435169975,385,456,667,1766
B,64,2,W2,ok,1.0370215797195215e-10,22.0,0.001995,0.12893837251531998,1.7863508796601142,1.597696038009536,0.2035050258119391,0.0007237493991851807,0.4977635145187378,0.6754227851847382,27.485523223876953,9.990370750427246,0.3627816537269076,15.440341805883401,385,456,667,1766
B,64,2,W3,ok,1.0370215797195215e-10,22.0,0.001995,0.12893837251531998,1.7900681922325659,1.5258210047608007,0.18666343874914204,0.0002946298336610198,0.5056913495063782,0.8255850560889557,9.091519355773926,1.5902119874954224,0.14768412714838086,6.285580814379023,385,456,667,1766
B,64,2,W4,ok,1.0370215797195215e-10,22.0,0.001995,0.12893837251531998,1.7864545138315329,0.8869616789091587,0.1140833323895679,0.0005144883180037141,0.4709242284297943,0.8771066429512168,7.68737268447876,2.116607427597046,0.25788888120486925,10.97600287344603,385,456,667,1766
B,64,2,W5,ok,1.0370215797195215e-10,22.0,0.001995,0.12893837251531998,1.730830953842838,0.6721842922506192,0.6131881724456665,0.08814121037721634,0.012641754001379013,1.2950185978214932,2.7467052936553955,127.90971374511719,44.181057833191154,1880.3890088761036,385,456,667,1766
B,128,0,W1,ok,5.385053784420985e-16,45.5,5.2656249999999996e-05,0.7293855804859193,1.8045771225647511,1.3256307601938453,0.11909040747816664,0.006973070092499256,0.04307393357157707,1.1729864903791833,4.79000997543335,646.5809326171875,132.42625694954077,5636.190943971639,369,530,810,2609
B,128,0,W2,ok,5.385053784420985e-16,45.5,0.004,0.09117319756073991,1.7862677492577548,1.8090949013029574,0.15860731696777575,0.00030475619132630527,0.31178051233291626,0.6479568701006672,8.778812408447266,1.1405081748962402,0.07618904783157632,3.2426803513881364,369,530,810,2609
B,128,0,W3,ok,5.385053784420985e-16,45.5,0.004,0.09117319756073991,1.7939840518564945,1.4665418979783573,0.13145406649744132,0.0002010656171478331,0.3227270841598511,0.7963414648150794,4.29256010055542,0.9739347696304321,0.05026640428695828,2.139387302445037,369,530,810,2609
B,128,0,W4,ok,5.385053784420985e-16,45.5,0.004,0.09117319756073991,1.7900491088814943,1.2522715670890703,0.11037530491440949,0.0001682239380897954,0.3224765658378601,0.6231588297576804,4.068495273590088,0.9731041193008423,0.04205598452244885,1.7899438114871495,369,530,810,2609
B,128,0,W5,ok,5.385053784420985e-16,45.5,0.004,0.09117319756073991,1.7921670992696632,0.6709993330286458,0.5494680709450306,0.018227392807602882,0.008698081597685814,1.311178797922141,1.642576813697815,8.260647773742676,4.556848201900721,193.94391384476378,369,530,810,2609
B,128,1,W1,ok,8.988774227242505e-19,45.6,5.2656249999999996e-05,0.7293855804859193,1.7769225151263701,1.2968850738639695,0.11452859403523204,0.005777672864496708,0.0632229596376419,1.2273612580766615,4.466176986694336,501.0292053222656,109.72435113584254,4669.975641164903,371,549,790,2240
B,128,1,W2,ok,8.988774227242505e-19,45.6,0.004,0.09117319756073991,1.7858017890908797,1.7177513168845127,0.15383894780277718,0.00021492618543561548,0.30865031480789185,0.523702732721853,6.363065719604492,1.0061366558074951,0.05373154635890387,2.2868671362435307,371,549,790,2240
B,128,1,W3,ok,8.988774227242505e-19,45.6,0.004,0.09117319756073991,1.7858720259833345,1.698189983037157,0.1476495992691386,0.0001616221125004813,0.3264090120792389,0.7284314197223422,5.583265781402588,0.9857540130615234,0.04040552812512033,1.7196987738766127,371,549,790,2240
B,128,1,W4,ok,8.988774227242505e-19,45.6,0.004,0.09117319756073991,1.7869844336694813,1.1598189727447177,0.10577942661004688,0.00014599136193282902,0.3325997591018677,0.6219804057555715,5.008496284484863,0.9806884527206421,0.036497840483207256,1.5533837680268856,371,549,790,2240
B,128,1,W5,ok,8.988774227242505e-19,45.6,0.004,0.09117319756073991,1.907757025412886,1.061468953398719,1.6040589830174838,0.014593936502933502,0.007210539188235998,0.9714260159083651,2.502474546432495,9.47230052947998,3.6484841257333755,155.28305082668157,371,549,790,2240
B,128,2,W1,ok,1.4565981754088853e-10,44.2,5.2656249999999996e-05,0.7293855804859193,1.8419473868350928,1.3552485817624038,0.12125306754227015,0.006073789205402136,0.06148843094706535,0.82247748893856,2.4398412704467773,303.2643127441406,115.34792556253315,4909.320465873959,432,593,962,3169
B,128,2,W2,ok,1.4565981754088853e-10,44.2,0.004,0.09117319756073991,1.7890045439204774,1.7224327859374204,0.15321115668463575,0.0003601116477511823,0.30677807331085205,0.5778774523307046,8.752765655517578,1.2037209272384644,0.09002791193779558,3.8316759353986956,432,593,962,3169
B,128,2,W3,ok,1.4565981754088853e-10,44.2,0.004,0.09117319756073991,1.7939461802776906,1.6169687528601935,0.14232957112666095,0.00032871984876692295,0.30539751052856445,0.7549422353679179,15.355372428894043,1.5603516101837158,0.08217996219173074,3.4976595227444482,432,593,962,3169
B,128,2,W4,ok,1.4565981754088853e-10,44.2,0.004,0.09117319756073991,1.7864699799240484,1.1888683115410352,0.10646941255661899,0.00029167119646444917,0.31943613290786743,0.6865957565011965,15.508261680603027,1.462249994277954,0.07291779911611229,3.1034528083744988,432,593,962,3169
B,128,2,W5,ok,1.4565981754088853e-10,44.2,0.004,0.09117319756073991,1.7357028861998394,8.358779921697037,10.143147997201307,0.09159457683563232,0.007401397917419672,3.4327812239886026,2.280811309814453,56.4442253112793,22.89864420890808,974.5886812209253,432,593,962,3169
B,256,0,W1,ok,3.7735130717919674e-06,125.3,5.2656249999999996e-05,0.7293855804859193,1.767564380637609,1.3071894213092135,0.08210795975298951,0.003205758985131979,0.08641589432954788,1.5483584730732882,2.5897934436798096,168.5130615234375,60.880882803693375,2591.1498838929106,629,850,1230,3002
B,256,0,W2,ok,3.7735130717919674e-06,125.3,0.00801,0.06446918625765999,1.7922162151858745,1.6953424987248327,0.10749521304604001,0.00032310394453816116,0.16863207519054413,0.4960068703360245,10.206459999084473,1.044245958328247,0.04033757110339091,1.7168064566030332,629,850,1230,3002
B,256,0,W3,ok,3.7735130717919674e-06,125.3,0.00801,0.06446918625765999,1.7845372018541703,1.6942842195296524,0.10545129764251648,0.0002584296162240207,0.1740255504846573,0.566115710133308,10.909013748168945,1.0297521352767944,0.03226337281198761,1.373160684698609,629,850,1230,3002
B,256,0,W4,ok,3.7735130717919674e-06,125.3,0.00801,0.06446918625765999,1.7842380395466562,1.4690901053074015,0.0907690910241985,0.0002487800666131079,0.17360302805900574,0.49406726676652757,8.506020545959473,1.0043107271194458,0.03105868497042546,1.321887992565413,629,850,1230,3002
B,256,0,W5,ok,3.7735130717919674e-06,125.3,0.00801,0.06446918625765999,1.7697076536759808,0.7946111739831135,0.7193482969391086,0.03306959941983223,0.003306208411231637,1.218158460324666,2.8802330493927,12.273343086242676,4.128539253412264,175.71466632013963,629,850,1230,3002
B,256,1,W1,ok,2.114364278210895e-15,123.0,5.2656249999999996e-05,0.7293855804859193,1.7969568229654656,1.319727257241042,0.08229455476880296,0.006393964868038893,0.07544738799333572,2.4409153947772038,5.836857795715332,718.2360229492188,121.42841292418076,5168.111951732467,592,860,1410,2782
B,256,1,W2,ok,2.114364278210895e-15,123.0,0.00801,0.06446918625765999,1.7881832140672078,1.8335365788730487,0.11394387376995797,0.0004926770343445241,0.17106716334819794,0.6209849555810806,17.93836784362793,1.4484902620315552,0.061507744612300144,2.617829735231889,592,860,1410,2782
B,256,1,W3,ok,2.114364278210895e-15,123.0,0.00801,0.06446918625765999,1.7893702262641626,1.627978154257879,0.10326004131467667,0.00031498330645263195,0.17623847723007202,0.6572934636929351,7.269421577453613,1.002304196357727,0.0393237586083186,1.6736576057993056,592,860,1410,2782
B,256,1,W4,ok,2.114364278210895e-15,123.0,0.00801,0.06446918625765999,1.7878399769067923,1.5394591943349691,0.09440312536815906,0.00031312700593844056,0.17516016960144043,0.5381345784738693,7.484395503997803,1.0044631958007812,0.039092010728893956,1.6637941895147577,592,860,1410,2782
B,256,1,W5,ok,2.114364278210895e-15,123.0,0.00801,0.06446918625765999,1.8920396944479525,5.347751751723374,5.822624421066368,0.10409300029277802,0.0031227730214595795,1.891460513470652,4.503098487854004,59.62417221069336,12.995380810584022,553.0961104336377,592,860,1410,2782
B,256,2,W1,ok,1.3609968873147709e-34,102.8,5.2656249999999996e-05,0.7293855804859193,1.7964855339497934,1.322147657127239,0.08344715541356458,0.008554994128644466,0.08012614399194717,1.6263115834279231,6.8882927894592285,1129.63818359375,162.46873122648245,6914.828016064666,540,772,1421,2958
B,256,2,W2,ok,1.3609968873147709e-34,102.8,0.00801,0.06446918625765999,1.790667199929297,1.8182419145877173,0.11370446941851414,0.0004449723637662828,0.1766526699066162,0.7428225596227843,13.599197387695312,1.2094212770462036,0.05555210533911146,2.3643519060586446,540,772,1421,2958
B,256,2,W3,ok,1.3609968873147709e-34,102.8,0.00801,0.06446918625765999,1.7888109139740733,1.6203061592029484,0.10114218774882387,0.0003654488828033209,0.1778988540172577,0.8013443021821637,4.88533878326416,0.9800575971603394,0.045624080250102485,1.9418054535109674,540,772,1421,2958
B,256,2,W4,ok,1.3609968873147709e-34,102.8,0.00801,0.06446918625765999,1.7888186798058856,1.42048185606191,0.08930296102138607,0.0003700782253872603,0.17680752277374268,0.6928924048923615,9.77672290802002,1.0553498268127441,0.046202025641355844,1.966403374311021,540,772,1421,2958
B,256,2,W5,ok,1.3609968873147709e-34,102.8,0.00801,0.06446918625765999,1.8048718722354735,2.756630923343434,2.769020513489014,0.08886945992708206,0.008417527191340923,1.4101787777719648,6.678430080413818,74.63691711425781,11.094813973418486,472.2061280177874,540,772,1421,2958
B,512,0,W1,ok,0.0,412.6,5.2656249999999996e-05,0.7293855804859193,1.7670521153797916,1.2929980052853691,0.05701580118809685,0.001557926181703806,0.22197455167770386,2.0694733956045637,7.931769371032715,236.2960662841797,29.586728673306702,1259.2400937057184,847,1252,2149,2387
B,512,0,W2,ok,0.0,412.6,0.01603,0.045586598780369955,1.7863291568241293,1.7098449502121704,0.07595098934422455,0.0005262604681774974,0.08969103544950485,0.6132054707070292,9.965683937072754,1.0210081338882446,0.03282972352947582,1.39726512484929,847,1252,2149,2387
B,512,0,W3,ok,0.0,412.6,0.01603,0.045586598780369955,1.7867786948880524,1.8111208116110529,0.07995943687280829,0.000486660108435899,0.09259790927171707,0.8263120020115833,7.920434951782227,0.9990109205245972,0.030359333027816536,1.2921228902633572,847,1252,2149,2387
B,512,0,W4,ok,0.0,412.6,0.01603,0.045586598780369955,1.788542383198519,1.5317419877157947,0.06806171805205774,0.0004745553305838257,0.0911421924829483,0.6109359634894198,12.938015937805176,1.0432499647140503,0.029604200285952946,1.259983702618646,847,1252,2149,2387
B,512,0,W5,ok,0.0,412.6,0.01603,0.045586598780369955,1.7904731446936042,1.7258164810959598,1.6311355690536569,0.07241343706846237,0.004717525094747543,2.6716941517446693,11.82437801361084,53.478694915771484,4.51736974850046,192.2636722774035,847,1252,2149,2387
B,512,1,W1,ok,0.0,391.4,5.2656249999999996e-05,0.7293855804859193,1.7829960571744412,1.3312604581395233,0.058679709494540884,0.003221244318410754,0.14369241893291473,2.0148380471456298,12.2273530960083,750.060302734375,61.17496628435854,2603.6663643000265,796,1202,2185,2786
B,512,1,W2,ok,0.0,391.4,0.01603,0.045586598780369955,1.789258147390269,1.7673605516262538,0.07816651992126354,0.0005477540544234216,0.089192233979702,0.5660116518855968,18.71677017211914,1.1583898067474365,0.0341705586040812,1.4543323763063023,796,1202,2185,2786
B,512,1,W3,ok,0.0,391.4,0.01603,0.045586598780369955,1.7884208360315508,1.7754112301208846,0.07842660634877785,0.0004959241487085819,0.09218896925449371,0.7437735074010695,18.554134368896484,1.1263103485107422,0.03093725194688596,1.3167196843813855,796,1202,2185,2786
B,512,1,W4,ok,0.0,391.4,0.01603,0.045586598780369955,1.7879870604394483,1.5881361261313591,0.07062207060982835,0.0004793299303855747,0.09091584384441376,0.6268943812799741,10.451078414916992,1.019191026687622,0.029902054297290998,1.2726606604969377,796,1202,2185,2786
B,512,1,W5,ok,0.0,391.4,0.01603,0.045586598780369955,1.7957057397587384,1.065881290757114,1.4827584447241595,0.05308538302779198,0.003621605457738042,1.7529613211160477,4.362218856811523,14.615887641906738,3.3116271383525877,140.9460881621505,796,1202,2185,2786
B,512,2,W1,ok,0.2643648087978363,566.5,5.2656249999999996e-05,0.7293855804859193,1.791370069552698,1.3366351731891677,0.05933758802211181,0.003926600329577923,0.09044810384511948,2.730434641033842,9.938875198364258,744.4286499023438,74.57045136290418,3173.7913034846642,749,1137,1657,2704
B,512,2,W2,ok,0.2643648087978363,566.5,0.01603,0.045586598780369955,1.7878435166183249,1.7416448004466392,0.07652500432438286,0.0005715206498280168,0.08792617172002792,0.41870197330565007,19.102792739868164,1.1806038618087769,0.03565319088134852,1.517434655317014,749,1137,1657,2704
B,512,2,W3,ok,0.2643648087978363,566.5,0.01603,0.045586598780369955,1.7814254480415592,1.6157338755020085,0.07176114182159325,0.00046430216752924025,0.0900963619351387,0.5034349097323121,8.857177734375,1.0043528079986572,0.02896457688891081,1.2327607056012575,749,1137,1657,2704
B,512,2,W4,ok,0.2643648087978363,566.5,0.01603,0.045586598780369955,1.787432996214764,1.520804859465288,0.06797951414368254,0.0004458487092051655,0.08909846842288971,0.4146849094377954,3.376569986343384,0.9767122864723206,0.02781339421117689,1.1837652455425078,749,1137,1657,2704
B,512,2,W5,ok,0.2643648087978363,566.5,0.01603,0.045586598780369955,1.7788384709415497,2.475192802859575,2.20419972933316,0.09854933619499207,0.002822943963110447,3.004845754205909,7.61208438873291,47.03445053100586,6.147806375233442,261.65664888183636,749,1137,1657,2704
C,32,0,W1,ok,9.835876699071378e-05,31.1,5.434492379117593e-05,0.7197509175857825,1.7890045441421636,1.3768466286024053,0.24041780215100358,0.01006090734153986,0.04725474864244461,0.6058380625833244,3.4282751083374023,656.0692749023438,185.130581472514,7879.338514756726,218,327,416,2449
C,32,0,W2,ok,9.835876699071378e-05,31.1,0.000969036656092401,0.1845184918958812,1.7890045079884431,2.0321504981027556,0.34268539303631324,0.0007856044103391469,0.6724889278411865,0.7968752559091494,9.8294095993042,7.967124938964844,0.8107065975265199,34.50446526581281,218,327,416,2449
C,32,0,W3,ok,9.835876699071378e-05,31.1,0.000995312068410171,0.1820911859990623,1.7890044482054408,1.1199288679688961,0.1950412353833778,0.00025457373703829944,0.6492924690246582,1.0382274583410047,7.780268669128418,2.123683214187622,0.25577278234447054,10.885939637436328,218,327,416,2449
C,32,0,W4,ok,9.835876699071378e-05,31.1,0.0010497643765808781,0.17735143802104494,1.789004526582682,0.6728271222485694,0.12434373137953311,0.00012446640175767243,0.7309473156929016,0.9298222502325677,2.349569320678711,0.924368143081665,0.11856603685015885,5.046286428016346,218,327,416,2449
C,32,0,W5,ok,9.835876699071378e-05,31.1,0.0008390694131083186,0.19813799984209204,1.7890044846329058,0.415153928194089,0.3700727998963325,0.007204090245068073,0.014600478112697601,1.1563120134405995,1.2378772497177124,12.921792984008789,8.58580962733541,365.4204504676983,218,327,416,2449
C,32,1,W1,ok,9.941874878904855e-08,28.7,5.7634177709394195e-05,0.7020309604737552,1.7890045229004583,1.3627585471988652,0.2364092934355562,0.008943434804677963,0.05935174599289894,0.8532740878817621,2.2165043354034424,374.4623107910156,155.1758897259362,6604.437552964425,226,277,469,1950
C,32,1,W2,ok,9.941874878904855e-08,28.7,0.0009661374836225625,0.18479230287153953,1.789004548125432,1.5435291141909735,0.2608230365969837,0.00029474683105945587,0.6220694780349731,0.9079629003968149,3.826389789581299,1.3580434322357178,0.30507752370221003,12.984397625577168,226,277,469,1950
C,32,1,W3,ok,9.941874878904855e-08,28.7,0.0010037968585799833,0.1813275952698416,1.7890045271558606,1.27851431986704,0.22815625241692492,0.0002754556480795145,0.6268545985221863,1.0313857422960662,4.896306037902832,1.5264371633529663,0.27441373792421164,11.679316928659984,226,277,469,1950
C,32,1,W4,ok,9.941874878904855e-08,28.7,0.0009884947590990975,0.1827117502211898,1.789004451114529,0.7646080325524026,0.1369089311334102,0.00015139875176828355,0.7409366965293884,0.9312578167498817,2.9210927486419678,0.9576561450958252,0.1531609048754761,6.518677828057827,226,277,469,1950
C,32,1,W5,ok,9.941874878904855e-08,28.7,0.001026720271037722,0.1793116791304339,1.7890044639430485,2.4802220100736925,3.0166436377960455,0.017787177115678787,0.01255497895181179,0.6566492905589228,1.6561859846115112,32.618988037109375,17.324267979730266,737.3377798898224,226,277,469,1950
C,32,2,W1,ok,0.00018930133956018835,22.8,7.244212263975125e-05,0.6358648087907421,1.7890044808588295,1.2475847961899085,0.22363054457192932,0.006592981982976198,0.18940144777297974,0.6380165366469334,3.3206770420074463,313.0642395019531,91.01033684176481,3873.4888996433424,457,659,1280,2395
C,32,2,W2,ok,0.00018930133956018835,22.8,0.0009808408140058568,0.18341608909392657,1.7890044649246584,1.653398010627327,0.286022155221823,0.0011053284397348762,0.6405244469642639,0.6424992073529345,7.331615447998047,8.259078025817871,1.1269192961298162,47.96278681994258,457,659,1280,2395
C,32,2,W3,ok,0.00018930133956018835,22.8,0.0009692845125186807,0.1844951396486106,1.7890045116242932,1.1258394301746126,0.19530321167574585,0.00015327708388213068,0.7565422058105469,0.7843555572871218,5.3058648109436035,1.1882915496826172,0.15813425459965413,6.730348453825772,457,659,1280,2395
C,32,2,W4,ok,0.00018930133956018835,22.8,0.001019211124731134,0.1799646212417257,1.7890044812759722,0.7793138246437805,0.1377348235004947,0.0003112252161372453,0.7095629572868347,0.7762043288417021,12.778604507446289,3.9615325927734375,0.3053589276896344,12.996374454357605,457,659,1280,2395
C,32,2,W5,ok,0.00018930133956018835,22.8,0.0011521033806362686,0.16936239648900625,1.7890044693473173,5.944692492269134,8.25664095493992,0.014189780689775944,0.014034448191523552,0.6991599487146034,2.565079927444458,33.0902099609375,12.31641268333003,524.1985632385033,457,659,1280,2395
C,64,0,W1,ok,8.930888391019479e-15,30.0,5.154908826782765e-05,0.7359165343018694,1.7890045528396457,1.3291348657072366,0.16475901133363252,0.011282163672149181,0.04017991945147514,1.5078479739406077,3.3016645908355713,752.0311279296875,218.862526016595,9315.0030479191,325,438,717,2538
C,64,0,W2,ok,8.930888391019479e-15,30.0,0.002015485004475546,0.1282846981093734,1.7890045124311222,1.7391278080703372,0.21658276412964436,0.0016538326162844896,0.4712985157966614,0.8693045492586136,12.019003868103027,9.86277961730957,0.8205630965311188,34.923967498290416,325,438,717,2538
C,64,0,W3,ok,8.930888391019479e-15,30.0,0.001992532882481709,0.12901777400833317,1.7890045239437538,1.4862431866591508,0.19304898366637274,0.0006524317432194948,0.4438890218734741,0.9586624253388818,9.949443817138672,3.326138973236084,0.3274383820491274,13.936097614819863,325,438,717,2538
C,64,0,W4,ok,8.930888391019479e-15,30.0,0.0019593713850030326,0.13009948007874567,1.7890044479232412,0.9309453689195248,0.1187601547157511,0.00029833108419552445,0.5245354175567627,0.8366915671599437,6.993106365203857,1.3609200716018677,0.15225856949782018,6.480273552341513,325,438,717,2538
C,64,0,W5,ok,8.930888391019479e-15,30.0,0.0016688953087035843,0.14090537654395732,1.7890044994442889,0.5114401114117317,0.5554103965849881,0.03131701424717903,0.009375552646815777,1.3562183573554725,2.227383852005005,45.11431121826172,18.765116112350047,798.6616848598497,325,438,717,2538
C,64,1,W1,ok,2.150431985006916e-18,23.1,5.5897010869565214e-05,0.7112241829839219,1.789004573629472,1.267100354336638,0.15644092275267785,0.005070597864687443,0.06733670830726624,0.9079178000695696,4.17813777923584,388.04193115234375,90.71322036377943,3860.8433319054875,210,379,545,1144
C,64,1,W2,ok,2.150431985006916e-18,23.1,0.001988080276205908,0.1291614483322527,1.7890045199773448,1.7916685846414575,0.21865701398088383,0.00022035570873413235,0.5058081150054932,0.8242937064017908,5.593633651733398,1.0839289426803589,0.11083843613934119,4.717392187944794,210,379,545,1144
C,64,1,W3,ok,2.150431985006916e-18,23.1,0.0019794737861300316,0.12944052390902497,1.7890045716933798,1.3748699717378996,0.17208997003991958,9.521206811768934e-05,0.5621203780174255,0.854017991259144,1.8036249876022339,0.9558444023132324,0.048099686282703245,2.047169666192011,210,379,545,1144
C,64,1,W4,ok,2.150431985006916e-18,23.1,0.001983902472574986,0.12929669286164278,1.7890044359177073,0.9432263882808675,0.12296568112189317,0.00011106490273959935,0.5578420162200928,0.8754137330098476,1.7400230169296265,0.9490283727645874,0.05598304567635514,2.3826931480609037,210,379,545,1144
C,64,1,W5,ok,2.150431985006916e-18,23.1,0.00188946493727083,0.1324718898543583,1.7890044394003721,16.342486468537547,14.835482029973189,0.004085414577275515,0.027511857450008392,0.9905005210650571,1.3572988510131836,3.1351191997528076,2.1622071395389564,92.02564944128738,210,379,545,1144
C,64,2,W1,ok,1.432441081306024e-06,27.5,5.966469556291253e-05,0.6917242495352811,1.7890045391640188,1.3424763409787042,0.16906058419079598,0.010565757751464844,0.0706494003534317,0.9041395997148516,2.005619525909424,395.1755676269531,177.0855889195637,7536.935767629809,291,335,598,1219
C,64,2,W2,ok,1.432441081306024e-06,27.5,0.0019890562594759324,0.1291299147518172,1.7890045632454117,1.6000694433058429,0.20380733928947126,0.0005448415176942945,0.46142578125,0.8326363461199293,6.485939025878906,1.9190679788589478,0.273919611423081,11.65828642175749,291,335,598,1219
C,64,2,W3,ok,1.432441081306024e-06,27.5,0.0019973850983755577,0.12886174992146568,1.7890044307984074,1.524914262952831,0.1865525126022107,0.00029553344938904047,0.4983597993850708,1.003541799896382,5.305980205535889,1.1585172414779663,0.14796017534595268,6.2973296955079885,291,335,598,1219
C,64,2,W4,ok,1.432441081306024e-06,27.5,0.001989288385519009,0.12912241826295107,1.7890044867386905,0.8882276996988003,0.11424617415491893,0.00040652515599504113,0.46445828676223755,1.1205659730765534,6.952274322509766,1.6282119750976562,0.20435707509998755,8.697636877662093,291,335,598,1219
C,64,2,W5,ok,1.432441081306024e-06,27.5,0.0018667258541708394,0.13327201195893557,1.7890044606544964,0.6947764599656024,0.6337975255701862,0.034485816955566406,0.008417539298534393,1.6165801697270135,2.4820456504821777,48.734012603759766,18.473959032878067,786.2697549481067,291,335,598,1219
C,128,0,W1,ok,4.1066126483264856e-30,43.6,5.375179333268693e-05,0.723091355597527,1.7890045440250117,1.3141913188701595,0.11806271810950861,0.012150424532592297,0.03263985365629196,1.15584037937287,2.466212034225464,600.1795043945312,226.04686800660693,9620.775665791469,414,637,1102,2745
C,128,0,W2,ok,4.1066126483264856e-30,43.6,0.003987740551782988,0.09131288615267313,1.789004531923991,1.8118667195023344,0.15885032295385818,0.0006910316878929734,0.3098388910293579,0.7772142674363081,10.933300018310547,2.06708025932312,0.17328902894246748,7.375350463823264,414,637,1102,2745
C,128,0,W3,ok,4.1066126483264856e-30,43.6,0.004022354078703668,0.09092012884651733,1.789004504692574,1.4624712512255482,0.13108919049793857,0.0003091620746999979,0.31289517879486084,0.9422534528953255,4.321061134338379,0.9810622930526733,0.0768609795783158,3.271278423350429,414,637,1102,2745
C,128,0,W4,ok,4.1066126483264856e-30,43.6,0.004004684439011563,0.09111999039724011,1.7890044659583866,1.2515408019948389,0.11031089172004928,0.0002830250596161932,0.3313133418560028,0.8917008020560985,14.018497467041016,1.358361840248108,0.07067349848070663,3.0079331795017814,414,637,1102,2745
C,128,0,W5,ok,4.1066126483264856e-30,43.6,0.004014190126929353,0.09101230782441057,1.789004532860083,0.6698152769056122,0.5484984463687197,0.07309985905885696,0.002539367415010929,1.2654010429690619,1.9045838117599487,38.596900939941406,18.210362924382597,775.0508469022918,414,637,1102,2745
C,128,1,W1,ok,3.53060129254107e-27,44.3,5.1812811978846856e-05,0.73434496617056,1.7890045254100977,1.3057031532889711,0.11530731997242695,0.006529596168547869,0.05396705120801926,1.1438501849032563,5.811028003692627,741.5062255859375,126.02281017316041,5363.653989725538,465,612,967,2406
C,128,1,W2,ok,3.53060129254107e-27,44.3,0.003985655459047996,0.09133670840222877,1.789004462256664,1.7208319582213971,0.15411484397053235,0.00037350604543462396,0.3051489591598511,0.577701121444505,19.10013771057129,2.0062365531921387,0.09371257733447906,3.988498896484624,465,612,967,2406
C,128,1,W3,ok,3.53060129254107e-27,44.3,0.003985969565703279,0.09133311853106968,1.7890045078411718,1.701168761047947,0.14790858181900685,0.00017452964675612748,0.3185685873031616,0.6862787400143163,2.9695003032684326,0.9650128483772278,0.043785995823411084,1.863574783562176,465,612,967,2406
C,128,1,W4,ok,3.53060129254107e-27,44.3,0.003990949033391916,0.09127626553172664,1.7890045543265471,1.1611301399630116,0.10589900638968085,0.00014529396139550954,0.3269897997379303,0.5935591632431474,5.215995788574219,0.9821255207061768,0.0364058674214699,1.5494693046146113,465,612,967,2406
C,128,1,W5,ok,3.53060129254107e-27,44.3,0.004550029234841881,0.0854979219375542,1.7890045056926687,0.9953955585263012,1.5042108139499637,0.00995764508843422,0.009000834077596664,1.051283642815286,1.4937970638275146,3.466452121734619,2.188479364524404,93.1438210180721,465,612,967,2406
C,128,2,W1,ok,7.361327763548669e-16,44.7,5.6419552638998775e-05,0.7084209558008917,1.7890045583946963,1.3162948408440653,0.11776790808622704,0.004538373555988073,0.13806328177452087,1.3551634125809235,3.468745231628418,289.5884094238281,80.43972955664704,3423.5935206977397,294,451,715,1388
C,128,2,W2,ok,7.361327763548669e-16,44.7,0.004,0.09117319756073991,1.7890045439204774,1.7224327859374204,0.15321115668463575,0.0002516111417207867,0.30966615676879883,0.644271142946135,7.7765583992004395,1.0570811033248901,0.06290278543019667,2.6772040361101146,294,451,715,1388
C,128,2,W3,ok,7.361327763548669e-16,44.7,0.004022183605522967,0.0909220507926949,1.7890045549176359,1.6125146924317963,0.1419375084071114,0.00018120629829354584,0.32561197876930237,0.8530278338805505,2.7578625679016113,0.962996780872345,0.04505172216522554,1.9174453339319508,294,451,715,1388
C,128,2,W4,ok,7.361327763548669e-16,44.7,0.003988645756875496,0.09130254995724146,1.7890045424858947,1.1905550714667867,0.10662046652902284,0.00018269062275066972,0.3261275887489319,0.7237215514003625,4.255011558532715,0.9738954901695251,0.04580266934855111,1.949406380113852,294,451,715,1388
C,128,2,W5,ok,7.361327763548669e-16,44.7,0.0037646113988675425,0.09397303409630135,1.7890045635093823,8.615469781240481,10.454633796843812,0.019493844360113144,0.012251164764165878,1.3533097206607627,3.384269952774048,17.9488525390625,5.178182365908262,220.38850322626288,294,451,715,1388
C,256,0,W1,ok,2.3915388556970945e-29,115.7,5.116345658616911e-05,0.7382328423343587,1.7890044876644813,1.3230453513727687,0.08310390845174481,0.004172435961663723,0.07458095997571945,1.3417824907968945,5.688834190368652,470.4250183105469,81.55109603739415,3470.894364491937,575,782,1560,2865
C,256,0,W2,ok,2.3915388556970945e-29,115.7,0.008038821227191618,0.06435365707948051,1.7890045527083487,1.6923044476027826,0.10730258096329891,0.00038328999653458595,0.1681760549545288,0.5406292767426744,12.675579071044922,1.1279051303863525,0.04767987565615876,2.029302115556531,575,782,1560,2865
C,256,0,W3,ok,2.3915388556970945e-29,115.7,0.007969997165275246,0.06463057267344052,1.7890044532583254,1.6985255219462592,0.10571527502386446,0.0002661949838511646,0.17530633509159088,0.615141729312962,4.9382524490356445,0.9805712103843689,0.03339963344164771,1.4215210478048625,575,782,1560,2865
C,256,0,W4,ok,2.3915388556970945e-29,115.7,0.00796732097244284,0.06464141273942904,1.7890045498444826,1.4730147322590037,0.09101157649839067,0.00025231653125956655,0.17457982897758484,0.5033851706164179,4.982095718383789,0.9811009168624878,0.03166893013752958,1.3478606233990797,575,782,1560,2865
C,256,0,W5,ok,2.3915388556970945e-29,115.7,0.007837919164479025,0.0651721595592884,1.7890045814710616,0.8032755911118461,0.7271920852149375,0.03301933780312538,0.00402758177369833,1.410698555588248,2.238548755645752,9.945279121398926,4.212768352188043,179.29953909895593,575,782,1560,2865
C,256,1,W1,ok,1.9098397530115108e-08,120.1,5.321451888688967e-05,0.7261577121840516,1.7890044585043927,1.3138869342933353,0.08193036332896456,0.004838384687900543,0.06577923893928528,1.2399513566739084,3.6778714656829834,345.9642639160156,90.92226687578987,3869.7405558020378,609,831,1238,3198
C,256,1,W2,ok,1.9098397530115108e-08,120.1,0.008002638889759644,0.06449879297334647,1.789004416180767,1.8343783880589144,0.11399620115410457,0.00040014012483879924,0.17125150561332703,0.6366914135130447,14.395110130310059,1.1918723583221436,0.050001022206665795,2.1280923816937336,609,831,1238,3198
C,256,1,W3,ok,1.9098397530115108e-08,120.1,0.008013279785293663,0.06445600793732958,1.7890044562676692,1.6276453567379123,0.10323893365098852,0.00028830577502958477,0.1769808828830719,0.7896927333732641,7.808402061462402,1.0041217803955078,0.035978498536728576,1.5312800671219884,609,831,1238,3198
C,256,1,W4,ok,1.9098397530115108e-08,120.1,0.007999562839504648,0.06451117707515805,1.7890044535590335,1.540461906095207,0.09446461310576969,0.0002689659595489502,0.1756686270236969,0.53062946454542,5.963620185852051,0.98695969581604,0.0336225822517078,1.4310099670960623,609,831,1238,3198
C,256,1,W5,ok,1.9098397530115108e-08,120.1,0.008960404620150783,0.06095837148562236,1.7890044105527694,5.056527726971088,5.505540291172019,0.07053521275520325,0.002035080920904875,2.6069269926572183,1.5452814102172852,13.950416564941406,7.8718780842305645,335.03482611680795,609,831,1238,3198
C,256,2,W1,ok,0.011392317712306976,125.8,5.318136398137139e-05,0.7263482156108102,1.78900446741181,1.3166419166364396,0.08309965819732941,0.007137394044548273,0.056313998997211456,2.30328868139702,4.010888576507568,554.022216796875,134.2085555956856,5712.047316569122,563,814,1096,2954
C,256,2,W2,ok,0.011392317712306976,125.8,0.008024914410732923,0.06440932460374052,1.7890045094808908,1.8165534995496064,0.11359889126571686,0.00055669219000265,0.1715855747461319,0.6883120031677127,52.31250762939453,3.746298313140869,0.06937048316155273,2.952475573806033,563,814,1096,2954
C,256,2,W3,ok,0.011392317712306976,125.8,0.008008264812959222,0.0644761615850975,1.7890044566969316,1.6204814305984991,0.10115313095934425,0.00034300980041734874,0.17800669372081757,0.732389760431519,21.24356460571289,1.3206373453140259,0.04283197526913442,1.8229707362060252,563,814,1096,2954
C,256,2,W4,ok,0.011392317712306976,125.8,0.008008333803575827,0.06447588420454554,1.7890045269244974,1.4206294457306887,0.0893122390427846,0.00041275849798694253,0.17548897862434387,0.5824807754501845,74.37890625,3.9491045475006104,0.05154112055152352,2.193640472714839,563,814,1096,2954
C,256,2,W5,ok,0.011392317712306976,125.8,0.008152896568084914,0.06390240830754657,1.7890044223831583,2.7323960404609697,2.7446767942401786,0.06152435764670372,0.0025358928833156824,1.5625131547000386,2.3860647678375244,19.126005172729492,7.546318922718232,321.1787099649939,563,814,1096,2954
C,512,0,W1,ok,3.356549314048607e-06,470.0,5.112800681283688e-05,0.7384468718373036,1.7890045291358592,1.3090612373564516,0.05772411898326599,0.0031612517777830362,0.09732773154973984,2.0553698804665785,3.9423041343688965,251.1133575439453,61.83013919074448,2631.551163634913,817,1269,2167,2654
C,512,0,W2,ok,3.356549314048607e-06,470.0,0.015982062717344012,0.045654872101810275,1.789004474307446,1.7124056983307938,0.07606473826272123,0.000558004598133266,0.09018880873918533,1.0283881492593658,7.977674961090088,1.0044755935668945,0.03491442925747686,1.4859922384569968,817,1269,2167,2654
C,512,0,W3,ok,3.356549314048607e-06,470.0,0.01599011104855504,0.04564338806427957,1.7890045657646343,1.813377122920779,0.08005904595274208,0.0004932889132760465,0.09326443821191788,0.7768862403137509,7.406210899353027,0.9957183003425598,0.030849623981856148,1.3129901525323666,817,1269,2167,2654
C,512,0,W4,ok,3.356549314048607e-06,470.0,0.01602171326960798,0.04559837902630109,1.7890045687902505,1.5321378955751201,0.06807930619854376,0.00046304400893859565,0.09089728444814682,0.5113695618755739,3.1104648113250732,0.9752509593963623,0.02890102956822703,1.2300560695147142,817,1269,2167,2654
C,512,0,W5,ok,3.356549314048607e-06,470.0,0.016056346972048316,0.04554920503884345,1.7890044567069134,1.7244009224618617,1.6297975823756476,0.05943084508180618,0.002979470184072852,1.6460453106036055,5.424971103668213,20.24140167236328,3.7013926757603297,157.53489043454886,817,1269,2167,2654
C,512,1,W1,ok,0.0,341.9,5.223609255215819e-05,0.7318434894388943,1.789004459436971,1.3357466009172803,0.05887745042496691,0.004989354405552149,0.10354277491569519,2.5275537190609425,9.978815078735352,957.3426513671875,95.51545993931754,4065.2313424851677,838,1293,2008,2874
C,512,1,W2,ok,0.0,341.9,0.01603454797413603,0.045580137352887524,1.7890045386088282,1.7671100860895144,0.0781554406279287,0.0008508804603479803,0.09015613794326782,0.6659849155985063,25.869216918945312,1.667662501335144,0.05306544729046703,2.2585173087713084,838,1293,2008,2874
C,512,1,W3,ok,0.0,341.9,0.016019534503059353,0.04560147783267011,1.789004560368657,1.775990711014422,0.0784522040816381,0.0007224351284094155,0.09108469635248184,0.743612066942298,13.773547172546387,1.1391496658325195,0.045097136141593094,1.9193781971588415,838,1293,2008,2874
C,512,1,W4,ok,0.0,341.9,0.01601176069027364,0.04561253948712476,1.7890045008552096,1.5890399203576413,0.07066225756110614,0.0006637939950451255,0.09014412015676498,0.5498873221912309,40.91830062866211,1.9483587741851807,0.04145665226238035,1.7644356446444118,838,1293,2008,2874
C,512,1,W5,ok,0.0,341.9,0.016150390428275287,0.0454164775880526,1.789004480843357,1.0619036404654458,1.4772250502335902,0.12465820461511612,0.00639541819691658,3.611365922462255,6.350383758544922,49.4268684387207,7.718587681748599,328.5106367440325,838,1293,2008,2874
C,512,2,W1,ok,0.0,415.2,5.28220590034932e-05,0.7284223949157449,1.7890044870021273,1.3348701714088018,0.05925923014106654,0.0027270945720374584,0.09929437190294266,2.029487842317097,4.037985324859619,214.4334259033203,51.62794907061672,2197.3359793633285,843,1208,1840,2615
C,512,2,W2,ok,0.0,415.2,0.016009188782920118,0.045616200924637584,1.789004471879801,1.7427758647453337,0.07657469665236297,0.0006070089293643832,0.08976206183433533,0.598350012005204,18.396799087524414,1.1883447170257568,0.03791628280453466,1.6137540597663695,843,1208,1840,2615
C,512,2,W3,ok,0.0,415.2,0.01589438201889643,0.0457805465552249,1.7890045066017781,1.6226080841864818,0.07206644895460405,0.0005002012476325035,0.09324601292610168,0.8454091822754799,4.271925449371338,0.977816104888916,0.031470317439069154,1.3394074728063918,843,1208,1840,2615
C,512,2,W4,ok,0.0,415.2,0.01600183335631686,0.04562667717948351,1.789004454821627,1.5221419572213792,0.06803927973647271,0.0004942608065903187,0.09149712324142456,0.6409094759298115,7.982922077178955,0.9999890327453613,0.030887761144894374,1.314613307470792,843,1208,1840,2615
C,512,2,W5,ok,0.0,415.2,0.01584822328845603,0.04584712514963206,1.789004492113055,2.4893385603548492,2.2167966803664747,0.1645042598247528,0.003001469885930419,2.029010582305682,13.580215454101562,141.1366729736328,10.379981202345817,441.7821465236258,843,1208,1840,2615
D,32,0,W1,ok,5.324486119206995e-05,21.6,0.00014844068164235758,0.45867600537058956,1.1400797662743671,0.877423667834555,0.1532111657189464,0.01112668402493,0.032328829169273376,0.6808349918219044,4.099689483642578,313.73223876953125,74.95710678382521,3190.2477361592137,309,716,1642,3760
D,32,0,W2,ok,5.324486119206995e-05,21.6,0.004887893344068249,0.08249634560865748,0.7998457643461546,0.9085538986598222,0.1532111623528469,0.0026765461079776287,0.19526773691177368,0.5295984867448488,15.54271125793457,8.51884937286377,0.5475868476602047,23.30583150890097,309,716,1642,3760
D,32,0,W3,ok,5.324486119206995e-05,21.6,0.0016191943169396505,0.1430384941484469,1.4053206413708417,0.8797401901137482,0.15321117523082534,0.0002823265385814011,0.5170998573303223,0.6226581535665081,11.334897994995117,2.1410133838653564,0.17436235764155278,7.421032382447564,309,716,1642,3760
D,32,0,W4,ok,5.324486119206995e-05,21.6,0.0006880335727342718,0.2185250443903323,2.204336756150778,0.829029445185155,0.15321115928108633,7.54523862269707e-05,1.0443663597106934,0.4950420887691033,4.758540153503418,1.0318669080734253,0.10966381469892526,4.667399151234636,309,716,1642,3760
D,32,0,W5,ok,5.324486119206995e-05,21.6,0.00494377974837847,0.08202968162349769,0.7406528198245758,0.17187487176847518,0.15321116583999933,0.010444222018122673,0.011104688048362732,0.9907457625178818,1.7055374383926392,3.7168021202087402,2.112598568240892,89.91426015388905,309,716,1642,3760
D,32,1,W1,ok,0.02965087629854679,20.2,0.00015103284869421929,0.4549693440546931,1.159410709957327,0.8831709887121498,0.15321116477572994,0.009801678359508514,0.04762795567512512,0.5853666643991791,4.167932987213135,275.8696594238281,64.89765931220013,2762.107818540495,423,1095,2745,
D,32,1,W2,ok,0.02965087629854679,20.2,0.0028189288540559493,0.10854963312584737,1.050886775811682,0.9066909609244922,0.15321117001855658,0.0012422906002029777,0.32232439517974854,0.43166968310440634,11.155559539794922,4.945538520812988,0.44069597514514675,18.756451487594813,423,1095,2745,
D,32,1,W3,ok,0.02965087629854679,20.2,0.002238199809662386,0.12176484472539233,1.2013497346500577,0.8585460935110721,0.15321115689717021,0.00027347097056917846,0.384156197309494,0.5022367606531023,6.7482380867004395,1.2040499448776245,0.12218344822861428,5.200246992344908,423,1095,2745,
D,32,1,W4,ok,0.02965087629854679,20.2,0.0007873123911441338,0.20446789024897144,2.002027594408016,0.8556526587343926,0.15321116606458732,7.658200047444552e-05,0.9734794497489929,0.41749290873008776,8.428997993469238,1.2192145586013794,0.09727015773644239,4.139912995968212,423,1095,2745,
D,32,1,W5,ok,0.02965087629854679,20.2,0.40189998789029274,0.009106992378829124,0.09086106436474371,0.12596705441161019,0.1532111614384472,0.10453792661428452,0.0007319334545172751,0.4981331327937054,2.7698426246643066,1.0248329639434814,0.2601093052105799,11.070506289619244,423,1095,2745,
D,32,2,W1,ok,0.00016361047164537013,25.0,0.0001656428821972782,0.43563633445861305,1.2256620331820467,0.8547308844551261,0.1532111690464056,0.0072775972075760365,0.043673325330019,0.6374245215962873,4.16316032409668,186.48568725585938,43.93546593151239,1869.9363774717287,570,1547,3464,
D,32,2,W2,ok,0.00016361047164537013,25.0,0.0034432059240387097,0.0982489989311417,0.9583014152710481,0.8856622224522035,0.1532111526392929,0.0011239707237109542,0.27332356572151184,0.4038143732631064,9.781193733215332,3.2616374492645264,0.3264314561798245,13.89324186554064,570,1547,3464,
D,32,2,W3,ok,0.00016361047164537013,25.0,0.0015812808069119299,0.14473246550414762,1.4034355282127204,0.8831967893066995,0.15321116534856097,0.0002608215727377683,0.5334150791168213,0.40810845278213603,14.302821159362793,2.501497745513916,0.16494323563385593,7.020145342499185,570,1547,3464,
D,32,2,W4,ok,0.00016361047164537013,25.0,0.0008217851817473455,0.20018603744323243,1.9900229034115697,0.8668801454633388,0.153211160861845,7.390270911855623e-05,0.9477150440216064,0.31310859036354877,9.412152290344238,1.242566704750061,0.08992947397934138,3.8274863196626407,570,1547,3464,
D,32,2,W5,ok,0.00016361047164537013,25.0,3.374966569321551,0.003142707714296021,0.03319696853187143,0.11031038961126201,0.15321115998111492,0.23775804042816162,0.0002420740929665044,0.338126425655215,2.1915366649627686,0.941891074180603,0.0704475246034679,2.998315510394421,570,1547,3464,
D,64,0,W1,ok,8.133014525518387e-14,27.1,6.117690480827056e-05,0.6843366877569301,1.6636145445947497,1.2359767010593068,0.153211173874665,0.02071034163236618,0.038271140307188034,0.9829123766485319,7.439114093780518,2531.1279296875,338.53202768712697,14408.254017340161,444,709,1444,3869
D,64,0,W2,ok,8.133014525518387e-14,27.1,0.004037584766472955,0.0907489055952126,1.2655461173522362,1.2302632720377102,0.15321117097531045,0.001214554882608354,0.26903799176216125,0.7061261268600793,12.437874794006348,3.805785894393921,0.300812231285817,12.80286261096277,444,709,1444,3869
D,64,0,W3,ok,8.133014525518387e-14,27.1,0.003169317852754639,0.10239350236411075,1.419823279077873,1.1795401575902025,0.15321115030364096,0.0003925817145500332,0.3384931683540344,0.7614906530283899,14.950359344482422,2.048480987548828,0.12386946743407813,5.2720056178327415,444,709,1444,3869
D,64,0,W4,ok,8.133014525518387e-14,27.1,0.0011732820394543598,0.16783990937199786,2.3079749759475967,1.2010024749893538,0.15321117034773232,0.00010566640412434936,0.8173646926879883,0.6231506865450404,4.877789497375488,1.0104080438613892,0.09006053154405227,3.833064257727023,444,709,1444,3869
D,64,0,W5,ok,8.133014525518387e-14,27.1,0.022053317279647947,0.038869053696681165,0.4935007709291441,0.1410818631656895,0.15321116239891763,0.3105778694152832,0.0013157189823687077,1.4665506597225288,3.8638956546783447,55.55120849609375,14.083045442868684,599.3881803884422,444,709,1444,3869
D,64,1,W1,ok,2.6849553250940517e-05,19.4,5.8704556910558114e-05,0.6965408652856828,1.7520703366523274,1.2409409230064228,0.15321117912930168,0.005570499692112207,0.04861130565404892,0.749059048513029,4.688930988311768,453.0293273925781,94.89041371352798,4038.628764125642,472,870,2539,5811
D,64,1,W2,ok,2.6849553250940517e-05,19.4,0.004059666785909106,0.09050236884911018,1.2535408129151868,1.2554074715767025,0.15321117861606942,0.0007628813036717474,0.2715122699737549,0.5279003673637802,17.70787239074707,3.424879312515259,0.18791722175811795,7.997940649285169,472,870,2539,5811
D,64,1,W3,ok,2.6849553250940517e-05,19.4,0.0024999697367077954,0.1152404989837684,1.5927452493246086,1.2240424570298418,0.15321116925824926,0.00019039104518014938,0.4396994411945343,0.6296915287418353,14.414533615112305,1.434675931930542,0.0761573399807931,3.2413308342640113,472,870,2539,5811
D,64,1,W4,ok,2.6849553250940517e-05,19.4,0.0012743722060732253,0.1610994001095254,2.22904031836318,1.1752289238323859,0.15321116901260617,0.0001024382800096646,0.793476939201355,0.5512264972565151,18.345674514770508,1.7377756834030151,0.08038332876492325,3.4211930478695485,472,870,2539,5811
D,64,1,W5,ok,2.6849553250940517e-05,19.4,17.80957067069524,0.0013680832497746608,0.01847567064987889,0.16877454015046162,0.15321117929134428,0.8166630268096924,7.004982035141438e-05,0.8305406819485113,1.1890443563461304,0.9556770324707031,0.04585528993989005,1.9516459639184747,472,870,2539,5811
D,64,2,W1,ok,0.009992299601435661,23.5,7.482358173191185e-05,0.6268751715292116,1.6212855456613302,1.2166193102357974,0.15321117162602593,0.006616534199565649,0.031212560832500458,1.2857384020953457,2.461888074874878,233.81016540527344,88.42846127404421,3763.6017516678976,407,711,1666,4136
D,64,2,W2,ok,0.009992299601435661,23.5,0.0035273977916817968,0.09707276998597614,1.3448752661655392,1.202844240201432,0.1532111517793922,0.0008876139181666076,0.3184341490268707,0.7774482259781764,22.509746551513672,5.712760925292969,0.25163419908572604,10.709797488431116,407,711,1666,4136
D,64,2,W3,ok,0.009992299601435661,23.5,0.002966130975141708,0.105831110354297,1.4692670668801289,1.2523759880604584,0.15321117057705858,0.0004295009421184659,0.38251298666000366,1.1540198185974748,21.65570068359375,3.2499380111694336,0.14480174534367835,6.162903827209302,407,711,1666,4136
D,64,2,W4,ok,0.009992299601435661,23.5,0.0011016753621197583,0.17316111848638033,2.399165242320364,1.1911680483723752,0.15321115857022227,0.00013232695346232504,0.8805126547813416,0.781715450157186,14.578522682189941,1.959531307220459,0.12011428957411897,5.11218157738305,407,711,1666,4136
D,64,2,W5,ok,0.009992299601435661,23.5,0.03210597422776026,0.03221653452192022,0.43246532500990376,0.16795192086191013,0.1532111623611644,0.5842077732086182,0.0009180146153084934,1.2884845832114198,5.54395055770874,101.55430603027344,18.196232547383225,774.4494442445913,407,711,1666,4136
D,128,0,W1,ok,9.885603996672123e-22,42.7,2.7856203144855415e-05,0.9383629370153448,2.3216092202870873,1.7054393206585363,0.1532111787254121,0.0042359190993011,0.08994395285844803,1.4787672312118165,2.7152726650238037,438.9034729003906,152.0637639406146,6471.9824374021555,594,792,1187,3351
D,128,0,W2,ok,9.885603996672123e-22,42.7,0.004287442056321663,0.08807129004103842,1.7254950933472109,1.7475456286341386,0.1532111562281652,0.0004569381708279252,0.2873234748840332,0.5714885546320639,23.555313110351562,2.6645967960357666,0.10657594081165202,4.535976220159816,594,792,1187,3351
D,128,0,W3,ok,9.885603996672123e-22,42.7,0.0029419674774617856,0.10626337087032241,2.0909082684181257,1.7092708674483983,0.1532111694483853,0.00015259311476256698,0.4157080352306366,0.7544055839487838,6.245121002197266,1.0019346475601196,0.05186770959623876,2.2075404217024914,594,792,1187,3351
D,128,0,W4,ok,9.885603996672123e-22,42.7,0.0020711691368032175,0.12655685802622402,2.4847542588572735,1.738269188656913,0.1532111647652598,0.00011470341996755451,0.5756436586380005,0.6390931610440723,25.026145935058594,1.6772327423095703,0.05538100096672719,2.3570695367134653,594,792,1187,3351
D,128,0,W5,ok,9.885603996672123e-22,42.7,0.05156609487229083,0.025422317867040647,0.4997196861296067,0.18709839700338857,0.15321116656074474,0.26614052057266235,0.0005487361340783536,1.474436535615341,2.0476455688476562,11.319441795349121,5.161153297176933,219.66372941494566,594,792,1187,3351
D,128,1,W1,ok,3.338443121947421e-08,41.0,2.5011550949558336e-05,0.9757390760472091,2.3770866596537528,1.7349142877159713,0.15321117871630385,0.002326232148334384,0.1126098707318306,1.6390408450983902,2.5257468223571777,251.85806274414062,93.00631348394896,3958.439616624974,690,1046,2177,4373
D,128,1,W2,ok,3.338443121947421e-08,41.0,0.00403292852537234,0.0908011483184093,1.7785144917232374,1.7107418070319211,0.1532111792753782,0.0003319838142488152,0.30032679438591003,0.49642897598948404,18.079652786254883,1.7484275102615356,0.08231829851687361,3.503547251967888,690,1046,2177,4373
D,128,1,W3,ok,3.338443121947421e-08,41.0,0.0037141586640974237,0.09460743868348799,1.853140865024671,1.7621560790955468,0.15321114958363252,0.00014770701818633825,0.3418273329734802,0.6063357726134591,3.9086625576019287,0.972730815410614,0.03976863444583956,1.6925919563154788,690,1046,2177,4373
D,128,1,W4,ok,3.338443121947421e-08,41.0,0.001901463317499164,0.13205546799157095,2.588272343137514,1.6798844111150775,0.1532111635720985,7.461095083272085e-05,0.6086586713790894,0.5149277331971116,10.833998680114746,1.0506054162979126,0.03923870113405627,1.6700374765500352,690,1046,2177,4373
D,128,1,W5,ok,3.338443121947421e-08,41.0,0.43953593137224684,0.008708377367837616,0.18221877205053422,0.10138585556215948,0.15321115545037287,0.47839540243148804,0.00024076808767858893,1.049991847010598,3.9186644554138184,4.2493414878845215,1.0884102260716673,46.32380315520599,690,1046,2177,4373
D,128,2,W1,ok,0.002281109569594264,38.4,2.924361372938371e-05,0.921626335991398,2.3274208685162354,1.7124451609344464,0.15321117301530923,0.0039548673667013645,0.06884993612766266,1.020893510777826,4.046971797943115,562.4899291992188,135.2386679464156,5755.88990516294,607,890,2276,4861
D,128,2,W2,ok,0.002281109569594264,38.4,0.004,0.09117319756073991,1.7890045439204774,1.7224327859374204,0.15321115668463575,0.0005042225238867104,0.302606999874115,0.5022031526415079,43.4564323425293,5.5470404624938965,0.1260556309716776,5.36505087499314,607,890,2276,4861
D,128,2,W3,ok,0.002281109569594264,38.4,0.003450619074270591,0.0981437106804558,1.9310997047809761,1.740591815241782,0.1532111697697378,0.00018871750216931105,0.3635577857494354,0.6853317463370805,19.292638778686523,1.4166314601898193,0.054690911429915834,2.3276986514562625,607,890,2276,4861
D,128,2,W4,ok,0.002281109569594264,38.4,0.001926481006722521,0.13119967274836042,2.570758545400994,1.7108003482977232,0.15321116796230114,0.00010147941793547943,0.6023033857345581,0.5220553941601693,21.226512908935547,1.4654537439346313,0.05267605420523927,2.2419443584277663,607,890,2276,4861
D,128,2,W5,ok,0.002281109569594264,38.4,17.57554562710815,0.001377161397989497,0.026217606458969707,0.12625847504417337,0.15321116566668716,1.1514891386032104,6.027079143677838e-05,1.1089769910789151,1.0522207021713257,0.9370030164718628,0.06551655140806428,2.7884484711146613,607,890,2276,4861
D,256,0,W1,ok,1.3123489296280707e-32,103.5,7.995091243684573e-06,1.3610132275968245,3.298226023434824,2.4391791355512478,0.1532111715731454,0.002738338429480791,0.22034350037574768,1.4749269245659318,5.250519275665283,1828.7283935546875,342.50246132510875,14577.23955411751,894,1035,1351,2372
D,256,0,W2,ok,1.3123489296280707e-32,103.5,0.0039379510929257715,0.09188687687701466,2.5544164625190513,2.4163439133672924,0.15321116923290376,0.00020697922445833683,0.3321346342563629,0.7221877007186142,8.828995704650879,1.054980993270874,0.0525601307822637,2.2370105442294386,894,1035,1351,2372
D,256,0,W3,ok,1.3123489296280707e-32,103.5,0.0037892452493904828,0.09366788371120247,2.5927707918250706,2.4616413986852304,0.15321117665884973,0.0001504344108980149,0.3610309362411499,0.9029230675392419,3.158841848373413,0.9684535264968872,0.039700362736408513,1.6896862456257071,894,1035,1351,2372
D,256,0,W4,ok,1.3123489296280707e-32,103.5,0.002804942356257066,0.10881897220841576,3.0116550387753116,2.4797097253794944,0.15321116593699552,0.00010772579844342545,0.46819570660591125,0.8196218794336266,3.391733169555664,0.9703767895698547,0.03840570848207215,1.6345844950216308,894,1035,1351,2372
D,256,0,W5,ok,1.3123489296280707e-32,103.5,0.1767858054804298,0.013731038792594396,0.37692308302230004,0.16924110997320466,0.15321116868423348,0.7903900742530823,0.00020339647016953677,1.3502158374935145,3.016831874847412,13.90182113647461,4.470891043006157,190.28549313809324,894,1035,1351,2372
D,256,1,W1,ok,2.7213702402661966e-09,103.2,8.076975600729872e-06,1.3579271973962244,3.3454685803164494,2.456990713200545,0.15321116444846966,0.0009604180813767016,0.32545769214630127,2.3854519476324905,3.120586395263672,389.0002746582031,118.90813205996486,5060.846334547718,937,1175,1842,3712
D,256,1,W2,ok,2.7213702402661966e-09,103.2,0.004425836321641186,0.08668652949904015,2.4044261442420107,2.4654090583722126,0.15321116254388542,0.00014566000027116388,0.290863573551178,0.47969894158462384,3.982349395751953,0.975928783416748,0.032911293975993745,1.4007368427891487,937,1175,1842,3712
D,256,1,W3,ok,2.7213702402661966e-09,103.2,0.003632990830883966,0.09565558533012256,2.6549622587372945,2.415498047437611,0.15321117368678497,0.00011232538236072287,0.35772454738616943,0.5279338020396226,2.098280668258667,0.9712504744529724,0.03091815740514607,1.3159070020198005,937,1175,1842,3712
D,256,1,W4,ok,2.7213702402661966e-09,103.2,0.003034853274809132,0.10462999095620562,2.9015672676134416,2.4984587388749206,0.15321114980467793,9.25071508390829e-05,0.4163762331008911,0.4059616065569084,7.525750637054443,0.9962877035140991,0.03048158921122829,1.2973262329361963,937,1175,1842,3712
D,256,1,W5,ok,2.7213702402661966e-09,103.2,11.58325754628018,0.0016963826766337165,0.049785386592862434,0.14071579842529697,0.15321116604396126,1.6969927549362183,8.085402077995241e-05,2.23717763843382,3.1751999855041504,0.9715976119041443,0.1465039301902759,6.235350478185888,937,1175,1842,3712
D,256,2,W1,ok,8.64941625877691e-07,110.7,8.586885452068082e-06,1.3391710782827886,3.298394613197895,2.4274978338324233,0.1532111685294991,0.0035636210814118385,0.1652485579252243,1.2255149787550381,7.05349588394165,2953.552978515625,415.007408833382,17663.12099449515,814,1021,1722,3237
D,256,2,W2,ok,8.64941625877691e-07,110.7,0.004407216097104604,0.08686904549448711,2.4128356426658266,2.449991137868073,0.15321115869784735,0.00021130579989403486,0.2957894504070282,0.500569745367699,9.84817123413086,1.0627110004425049,0.047945413893558754,2.0406036825069753,814,1021,1722,3237
D,256,2,W3,ok,8.64941625877691e-07,110.7,0.003485088733176705,0.09765854951884266,2.7097081468346733,2.4544554765241196,0.15321116837486068,0.00011922994599444792,0.3815123736858368,0.6556494630139008,7.421169281005859,0.9986022710800171,0.03421145202399717,1.4560728402317176,814,1021,1722,3237
D,256,2,W4,ok,8.64941625877691e-07,110.7,0.0027147411850863587,0.1106055053886691,3.0689575224026293,2.4370264852753234,0.15321116505176036,9.111133113037795e-05,0.4699200391769409,0.5311683361067585,9.949211120605469,1.0224961042404175,0.03356170069946451,1.4284187887201658,814,1021,1722,3237
D,256,2,W5,ok,8.64941625877691e-07,110.7,2.619655865182983,0.003567109343244212,0.09986438006334959,0.15252563579876136,0.1532111620864138,2.655491828918457,7.087155245244503e-05,1.3157853851121442,5.621403694152832,5.687178134918213,1.0136796455640447,43.14319659879401,814,1021,1722,3237
D,512,0,W1,ok,0.019079504534602165,317.1,1e-12,1.8257417670634675,4.423148658186313,3.2365330577696083,0.14271755899307204,0.0004448594700079411,0.5249074101448059,1.5636418370402063,4.654811859130859,2116994048.0,444859470.0079411,18933653898.819763,1897,2137,2584,3477
D,512,0,W2,ok,0.019079504534602165,317.1,0.003931762182337591,0.09195898379199506,3.6034496622786913,3.449163054106219,0.1532111625993707,0.0004305330803617835,0.33124667406082153,0.4605969672091903,84.95557403564453,9.339320182800293,0.10950130257008937,4.660482476173894,1897,2137,2584,3477
D,512,0,W3,ok,0.019079504534602165,317.1,0.004358808185462999,0.08734898926457536,3.42366654265848,3.470308898621622,0.1532111668750327,0.00022704192087985575,0.30420368909835815,0.6531515092795865,9.477744102478027,1.0687623023986816,0.05208807344105211,2.216919322345957,1897,2137,2584,3477
D,512,0,W4,ok,0.019079504534602165,317.1,0.003155405330719624,0.1026182745259138,4.026120355338522,3.448046881568868,0.15321116851514147,0.0001615767105249688,0.40352752804756165,0.6293410872028057,9.199612617492676,1.0593032836914062,0.05120632489015904,2.1793912421005324,1897,2137,2584,3477
D,512,0,W5,ok,0.019079504534602165,317.1,1.8180308535777414,0.00428191018549366,0.1681776092147884,0.1621044655091992,0.15321116718318087,34.703739166259766,3.0792420147918165e-05,1.9246267431713235,4.382978916168213,85.51829528808594,19.08864148150486,812.4312408208722,1897,2137,2584,3477
D,512,1,W1,ok,7.0658673190742e-16,333.7,1e-12,1.8257417670634675,4.4630583043939165,3.332308642523119,0.14688252601862647,0.0011997250840067863,0.5054109692573547,2.1162699717691824,11.041460037231445,13294489600.0,1199725084.0067863,51061472320.4869,1244,1354,2056,3254
D,512,1,W2,ok,7.0658673190742e-16,333.7,0.004165082757264579,0.08935252474883336,3.5070555201320346,3.4641349867487965,0.15321116496198042,0.0002151912631234154,0.31387579441070557,0.44103551660455975,17.035289764404297,1.2938237190246582,0.0516655431991326,2.19893602222166,1244,1354,2056,3254
D,512,1,W3,ok,7.0658673190742e-16,333.7,0.004192913218324183,0.08905620025870928,3.4937891481620538,3.46837423196595,0.1532111573898613,0.00023040486848913133,0.31328582763671875,0.6354931825524238,9.619996070861816,1.082850456237793,0.054951022473396005,2.338769231728335,1244,1354,2056,3254
D,512,1,W4,ok,7.0658673190742e-16,333.7,0.0033980380492859927,0.09889791943506325,3.8789513801240227,3.445384571939179,0.15321116372725957,0.00017394049791619182,0.37648236751556396,0.5789651839830016,9.334327697753906,1.0623303651809692,0.05118850801354057,2.178632938415447,1244,1354,2056,3254
D,512,1,W5,ok,7.0658673190742e-16,333.7,1.5023163938105826,0.004710393879377701,0.18554754142713703,0.11013589725255238,0.1532111736669379,23.439952850341797,5.5107091611716896e-05,3.459152827803137,8.722872734069824,136.74789428710938,15.602540814246876,664.0593887186137,1244,1354,2056,3254
D,512,2,W1,ok,0.003309435909613967,286.5,1e-12,1.8257417670634675,4.484019486745101,3.34576226230607,0.14852927684229955,0.0009295006166212261,0.4581953287124634,1.8330945656791786,5.00071907043457,4737970688.0,929500616.6212261,39560454841.01237,2238,2378,2562,3171
D,512,2,W2,ok,0.003309435909613967,286.5,0.003991568455728226,0.0912692007087191,3.579452144262293,3.486957627852651,0.15321116656602246,0.00017969273903872818,0.33307573199272156,0.5546156888629296,12.391833305358887,1.1059813499450684,0.045018077738552736,1.91601339424494,2238,2378,2562,3171
D,512,2,W3,ok,0.003309435909613967,286.5,0.0035088615304836104,0.09732810865167146,3.8033714775953356,3.44961757233451,0.15321117159518327,0.00012476439587771893,0.3904150724411011,0.8337691408555942,3.1232895851135254,0.9708160758018494,0.03555694483632793,1.5133383295593144,2238,2378,2562,3171
D,512,2,W4,ok,0.003309435909613967,286.5,0.0031477639898019427,0.1027423603375885,4.028488413034932,3.427566193804687,0.15321116127514142,0.00011682907643262297,0.424233615398407,0.7659469857634197,4.702224254608154,0.9785735607147217,0.03711494153028094,1.579648191813759,2238,2378,2562,3171
D,512,2,W5,ok,0.003309435909613967,286.5,3.319892859706133,0.0031686676091817697,0.1236448429064655,0.17204757447100982,0.15321117331334555,13.436127662658691,4.2800580558832735e-05,1.132137737834979,4.2706403732299805,17.533876419067383,4.047157010918725,172.25095852753049,2238,2378,2562,3171
